﻿<?xml version='1.0' encoding='UTF-8'?>
<label>
  <MAIN_REPORT>
    <fn_title>"Renouvellement de prêts"</fn_title>
    <Text2>Nom du client</Text2>
    <Text3>Téléphone</Text3>
    <Text4>Localité</Text4>
    <Text5>Date clôture</Text5>
    <Text6>Montant</Text6>
    <Text7>Code</Text7>
    <Text8>Code contrat</Text8>
    <Text9>Jours passés</Text9>
    <Text10>Retard (j)</Text10>
    <Text1>Encours</Text1>
    <Text14>Type</Text14>
    <Text12>Agent </Text12>
    <Text11>Total</Text11>
    <Text13>TOTAL</Text13>
  </MAIN_REPORT>
</label>