﻿<?xml version='1.0' encoding='UTF-8'?>
<label>
  <MAIN_REPORT>
    <fn_title>"Анализ возможности повторной выдачи кредита"</fn_title>
    <Text2>Клиент</Text2>
    <Text3>Телефон</Text3>
    <Text4>Район</Text4>
    <Text5>Дата закр.</Text5>
    <Text6>Сумма</Text6>
    <Text7>Код</Text7>
    <Text8>Код контракта</Text8>
    <Text9>Оставшихся дней</Text9>
    <Text10>Проср. дни</Text10>
    <Text1>КП</Text1>
    <Text14>Тип</Text14>
    <Text12>Кред. спец.</Text12>
    <Text11>Итого</Text11>
    <Text13>ИТОГО</Text13>
  </MAIN_REPORT>
</label>
