<?xml version="1.0" encoding="utf-8"?>
<report order="140">
    <title>NBT report</title>
    <description><![CDATA[NBT Report quarterly]]></description>
    <param name= "pFromDate" label="From" type="date" default="today"/>
    <param name= "pToDate" label="To" type="date" default="today"/>


 <localized lang="pt">
  <title>NBT relat�rio</title>
    <description><![CDATA[NBT Relat�rio trimestral]]></description>
    <param name= "pFromDate" label="de" type="date" default="today"/>
    <param name= "pToDate" label="Para" type="date" default="today"/>

 </localized>


</report>
