﻿<?xml version='1.0' encoding='UTF-8'?>
<label>
  <MAIN_REPORT>
    <Text509> {Rep_Saving_Cash_Receipt.last_event} CASH RECEIPT</Text509>
    <Text504>código dos Contratos : {Rep_Saving_Cash_Receipt.contract_code}</Text504>
    <Text9>nome do cliente : {Rep_Saving_Cash_Receipt.client_name} </Text9>
    <Text10>data :  {Rep_Saving_Cash_Receipt.last_event_date}</Text10>
    <Text14>Saldo antes 
{Rep_Saving_Cash_Receipt.last_event}</Text14>
    <Text16>Saldo após 
{Rep_Saving_Cash_Receipt.last_event}</Text16>
    <Text512>Nome do Cliente</Text512>
    <Text513>Client's Signature</Text513>
    <Text21>Assinatura da Caixa</Text21>
    <Text1>{Rep_Saving_Cash_Receipt.balance_before_last_event} {Rep_Saving_Cash_Receipt.currency_code}</Text1>
    <Text2>{Rep_Saving_Cash_Receipt.last_event_amount} {Rep_Saving_Cash_Receipt.currency_code}</Text2>
    <Text4>{Rep_Saving_Cash_Receipt.balance_after_last_event} {Rep_Saving_Cash_Receipt.currency_code}</Text4>
    <Text3>honorários : {Rep_Saving_Cash_Receipt.last_event_fees}{Rep_Saving_Cash_Receipt.currency_code}</Text3>
  </MAIN_REPORT>
</label>