﻿<?xml version='1.0' encoding='UTF-8'?>
<label>
  <MAIN_REPORT>
    <fn_footer>"Выдача траншей • " + CStr({?from}, "dd.MM.yyyy")+"-"+CStr({?to}, "dd.MM.yyyy") + " • " + 
Iif({?disbursed_in_name} = {?display_in_name}, {?disbursed_in_name}, {?disbursed_in_name} + " → " + {?display_in_name}) + " • " +
{?USER_NAME} + " • " + {?BRANCH_NAME}</fn_footer>
    <Text1>Выдача траншей</Text1>
    <Text2>Дата события</Text2>
    <Text3>Дата транша</Text3>
    <Text4>Клиент</Text4>
    <Text5>Кред. спец.</Text5>
    <Text6>Код контракта</Text6>
    <Text7>Кред. продукт</Text7>
    <Text8>Сумма</Text8>
    <Text9>Процент</Text9>
    <Text10>Срок</Text10>
    <Text11>КП</Text11>
    <Text12>Итого</Text12>
  </MAIN_REPORT>
</label>