﻿<?xml version='1.0' encoding='UTF-8'?>
<label>
  <MAIN_REPORT>
    <fn_footer>"Tranches • " + CStr({?from}, "dd.MM.yyyy")+"-"+CStr({?to}, "dd.MM.yyyy") + " • " + 
Iif({?disbursed_in_name} = {?display_in_name}, {?disbursed_in_name}, {?disbursed_in_name} + " → " + {?display_in_name}) + " • " +
{?USER_NAME} + " • " + {?BRANCH_NAME}</fn_footer>
    <Text1>Lignes de crédit</Text1>
    <Text2>Date</Text2>
    <Text3>Date tranche</Text3>
    <Text4>Client</Text4>
    <Text5>Agent de crédit</Text5>
    <Text6>Code contrat</Text6>
    <Text7>Produit de crédit</Text7>
    <Text8>Montant tranche</Text8>
    <Text9>Taux d'intérêt</Text9>
    <Text10>Maturité</Text10>
    <Text11>KRD</Text11>
    <Text12>TOTAL</Text12>
  </MAIN_REPORT>
</label>