﻿<?xml version="1.0" encoding="utf-8"?>
<report order="8">
    <title>Disbursements of tranches</title>
    <description><![CDATA[This report displays disbursements by tranches according to line of credit principle]]></description>
    <param name="from" label="From" type="date"/>
	<param name="to" label="To" type="date"/>
    <param name="disbursed_in" label="Disbursed in" type="query" hideIfRows="2"><![CDATA[SELECT 0, 'All currencies' UNION ALL SELECT id, name FROM dbo.Currencies]]></param>
    <param name="display_in" label="Display in" type="query" hideIfRows="1"><![CDATA[SELECT id, name FROM dbo.Currencies]]></param>

    <localized lang="ru-RU">
        <title>Выдача траншей</title>
        <description><![CDATA[Отчет выдач траншей по принципу кредитных линий.]]></description>
        <param name="from" label="С" type="date" default="today"/>
		<param name="to" label="По" type="date" default="today"/>
        <param name="disbursed_in" label="Выдачи в" type="query" hideIfRows="2"><![CDATA[SELECT 0, N'Все валюты' UNION ALL SELECT id, name FROM dbo.Currencies]]></param>
        <param name="display_in" label="Показывать в" type="query" hideIfRows="1"><![CDATA[SELECT id, name FROM dbo.Currencies]]></param>
    </localized>
	
    <localized lang="fr">
        <title>Lignes de crédit</title>
        <description><![CDATA[Liste des tranches de lignes de crédit déboursées sur une période donnée. Date de déboursement, nom du client, code contrat, produit de crédit, montant et taux de la tranche, maturité, encours de crédit.]]></description>
        <param name="from" label="A la date du" type="date" default="today"/>
		<param name="to" label="A la date du" type="date" default="today"/>
        <param name="disbursed_in" label="Décaissé en" type="query" hideIfRows="2"><![CDATA[SELECT 0, N'Toutes les devises' UNION ALL SELECT id, name FROM dbo.Currencies]]></param>
        <param name="display_in" label="Affiché en" type="query" hideIfRows="1"><![CDATA[SELECT id, name FROM dbo.Currencies]]></param>
    </localized>

 <localized lang="pt">
    <title>Os desembolsos de parcelas</title>
    <description><![CDATA[Este relatório apresenta os desembolsos por tranches de acordo com a linha de princípio crédito]]></description>
    <param name="from" label="de" type="date"/>
	<param name="to" label="Para" type="date"/>
    <param name="disbursed_in" label="desembolsados ​​em" type="query" hideIfRows="2"><![CDATA[SELECT 0, 'All currencies' UNION ALL SELECT id, name FROM dbo.Currencies]]></param>
    <param name="display_in" label="Exibição em" type="query" hideIfRows="1"><![CDATA[SELECT id, name FROM dbo.Currencies]]></param>
 </localized>

 	<tags>
		<tag><![CDATA[Loans]]></tag>
	</tags>
	
	<localized lang="ru-RU">
		<tags>
			<tag><![CDATA[Кредиты]]></tag>
		</tags>	
	</localized>
	
	<localized lang="fr">
		<tags>
			<tag><![CDATA[Crédit]]></tag>
		</tags>	
	</localized>
</report>
