﻿<?xml version='1.0' encoding='UTF-8'?>
<label>
  <MAIN_REPORT>
    <fn_footer>"Поручители для кредитов выданных в • " + CStr({?startDate}, "dd.MM.yyyy") + " — " + CStr({?endDate}, "dd.MM.yyyy") + " • Филиал " + {?branch_id_name} + " • " + Iif({?disbursed_in_name} = {?display_in_name}, {?disbursed_in_name}, {?disbursed_in_name} + " → " + {?display_in_name}) + " • " +
{?USER_NAME}</fn_footer>
    <Text16>Поручители</Text16>
    <Text1>Код контракта</Text1>
    <Text2>Клиент</Text2>
    <Text3>Кредитный специалист</Text3>
    <Text4>Код продукта</Text4>
    <Text5>Область</Text5>
    <Text6>КП</Text6>
    <Text7>Сумма</Text7>
    <Text8>Имя поручетеля</Text8>
    <Text9>Паспорт</Text9>
    <Text10>Сумма поручения</Text10>
  </MAIN_REPORT>
</label>