﻿<?xml version="1.0" encoding="utf-8"?>
<report order="110">
    <title>Guarantors</title>
    <description><![CDATA[Information about loan guarantors.]]></description>
    <param name="startDate" label="From" type="date"/>
    <param name="endDate" label="To" type="date"/>
	<param name="disbursed_in" label="Disbursed in" type="query" hideIfRows="2"><![CDATA[SELECT 0, 'ALL' UNION ALL SELECT id, name FROM dbo.Currencies]]></param>
    <param name="display_in" label="Display in" type="query" hideIfRows="1"><![CDATA[SELECT id, name FROM dbo.Currencies]]></param>

	<param name="subordinate_id" label="Subordinate" type="query" hideIfRows="2">
		<![CDATA[
		SELECT 0, 'All subordinates'

		UNION ALL

		SELECT id, first_name + ' ' + last_name
		FROM dbo.Users
		WHERE id = {USER_ID}

		UNION ALL

		SELECT id, first_name + ' ' + last_name
		FROM dbo.Users
		WHERE id IN
		(
			SELECT subordinate_id 
			FROM dbo.UsersSubordinates
			WHERE user_id = {USER_ID}
		)]]>
	</param>
	<param name="branch_id" label="Branch" type="query" hideIfRows="2">
		<![CDATA[
			SELECT 0, 'All branches'
			UNION ALL
			SELECT DISTINCT id, name
			FROM dbo.Branches b
			INNER JOIN dbo.UsersBranches ub ON ub.branch_id = b.id
			WHERE ub.user_id = {USER_ID}
		]]>
	</param>
	
    <localized lang="ru-RU">
    <title>Поручители</title>
    <description><![CDATA[Информация о поручителях.]]></description>
    <param name="startDate" label="From" type="date"/>
    <param name="endDate" label="To" type="date"/>
	<param name="disbursed_in" label="Disbursed in" type="query" hideIfRows="2"><![CDATA[SELECT 0, N'Все' UNION ALL SELECT id, name FROM dbo.Currencies]]></param>
    <param name="display_in" label="Display in" type="query" hideIfRows="1"><![CDATA[SELECT id, name FROM dbo.Currencies]]></param>
	
	<param name="subordinate_id" label="Subordinate" type="query" hideIfRows="2">
		<![CDATA[
		SELECT 0, N'Все подчинённые'

		UNION ALL

		SELECT id, first_name + ' ' + last_name
		FROM dbo.Users
		WHERE id = {USER_ID}

		UNION ALL

		SELECT id, first_name + ' ' + last_name
		FROM dbo.Users
		WHERE id IN
		(
			SELECT subordinate_id 
			FROM dbo.UsersSubordinates
			WHERE user_id = {USER_ID}
		)]]>
	</param>
	<param name="branch_id" label="Branch" type="query" hideIfRows="2">
		<![CDATA[
			SELECT 0, N'Все филиалы'
			UNION ALL
			SELECT DISTINCT id, name
			FROM dbo.Branches b
			INNER JOIN dbo.UsersBranches ub ON ub.branch_id = b.id
			WHERE ub.user_id = {USER_ID}
		]]>
	</param>
    </localized>

    <localized lang="fr">
    <title>Garants</title>
    <description><![CDATA[Liste des garants physiques pour les prêts actifs. Client, code contrat, montant du prêt et montant garanti]]></description>
    <param name="startDate" label="From" type="date"/>
    <param name="endDate" label="To" type="date"/>
	<param name="disbursed_in" label="Disbursed in" type="query" hideIfRows="2"><![CDATA[SELECT 0, N'Tous' UNION ALL SELECT id, name FROM dbo.Currencies]]></param>
    <param name="display_in" label="Display in" type="query" hideIfRows="1"><![CDATA[SELECT id, name FROM dbo.Currencies]]></param>
	
	<param name="subordinate_id" label="Subordinate" type="query" hideIfRows="2">
		<![CDATA[
		SELECT 0, 'Tous les subordonnés'

		UNION ALL

		SELECT id, first_name + ' ' + last_name
		FROM dbo.Users
		WHERE id = {USER_ID}

		UNION ALL

		SELECT id, first_name + ' ' + last_name
		FROM dbo.Users
		WHERE id IN
		(
			SELECT subordinate_id 
			FROM dbo.UsersSubordinates
			WHERE user_id = {USER_ID}
		)]]>
	</param>
	<param name="branch_id" label="Branch" type="query" hideIfRows="2">
		<![CDATA[
			SELECT 0, 'Toutes les branches'
			UNION ALL
			SELECT DISTINCT id, name
			FROM dbo.Branches b
			INNER JOIN dbo.UsersBranches ub ON ub.branch_id = b.id
			WHERE ub.user_id = {USER_ID}
		]]>
	</param>
    </localized>	



 <localized lang="pt">
   <title>Guarantors</title>
    <description><![CDATA[Information about loan guarantors.]]></description>
    <param name="startDate" label="From" type="date"/>
    <param name="endDate" label="To" type="date"/>
	<param name="disbursed_in" label="Disbursed in" type="query" hideIfRows="2"><![CDATA[SELECT 0, 'ALL' UNION ALL SELECT id, name FROM dbo.Currencies]]></param>
    <param name="display_in" label="Display in" type="query" hideIfRows="1"><![CDATA[SELECT id, name FROM dbo.Currencies]]></param>
	
	<param name="subordinate_id" label="Subordinate" type="query" hideIfRows="2">
		<![CDATA[
		SELECT 0, 'All subordinates'

		UNION ALL

		SELECT id, first_name + ' ' + last_name
		FROM dbo.Users
		WHERE id = {USER_ID}

		UNION ALL

		SELECT id, first_name + ' ' + last_name
		FROM dbo.Users
		WHERE id IN
		(
			SELECT subordinate_id 
			FROM dbo.UsersSubordinates
			WHERE user_id = {USER_ID}
		)]]>
	</param>
	<param name="branch_id" label="Branch" type="query" hideIfRows="2">
		<![CDATA[
			SELECT 0, 'All branches'
			UNION ALL
			SELECT DISTINCT id, name
			FROM dbo.Branches b
			INNER JOIN dbo.UsersBranches ub ON ub.branch_id = b.id
			WHERE ub.user_id = {USER_ID}
		]]>
	</param>
 </localized>
 
 	<tags>
		<tag><![CDATA[Clients]]></tag>
	</tags>
	
	<localized lang="ru-RU">
		<tags>
			<tag><![CDATA[Клиенты]]></tag>
		</tags>	
	</localized>
	
	<localized lang="fr">
		<tags>
			<tag><![CDATA[Clients]]></tag>
		</tags>	
	</localized>


</report>
