﻿<?xml version="1.0" encoding="utf-8"?>
<report>
    <title>Evolution of Total number of Clients</title>
    <description><![CDATA[ Chart depicting the evolution of Number Of Contracts for branches ]]></description>
    <param name="pFrom" label="From" type="date"/>
	<param name="pTo" label="To" type="date"/>
    <param name="pPeriod" label="Period" type="query"><![CDATA[SELECT 'dd', 'Daily' UNION ALL SELECT 'wk', 'Weekly' UNION ALL SELECT 'm', 'Monthly']]></param>
	<param name="pBranch" label="Branch" type="query"><![CDATA[SELECT 'All','All' UNION ALL SELECT branch,branch FROM ConsolidatedData GROUP BY branch]]></param>
	<tags>
		<tag><![CDATA[Consolidated]]></tag>
	</tags>
	
	<localized lang="ru-RU">
		<title>Эволюция общего числа клиентов</title>
		<description><![CDATA[ График отображающий эволюцию Числа Клиентов по филиалам ]]></description>
		<param name="pFrom" label="С" type="date"/>
		<param name="pTo" label="По" type="date"/>
		<param name="pPeriod" label="Период" type="query"><![CDATA[SELECT 'dd', 'Daily' UNION ALL SELECT 'wk', 'Weekly' UNION ALL SELECT 'm', 'Monthly']]></param>
		<param name="pBranch" label="Отрасль" type="query"><![CDATA[SELECT 'All','All' UNION ALL SELECT branch,branch FROM ConsolidatedData GROUP BY branch]]></param>
		<tags>
			<tag><![CDATA[Консолидированные]]></tag>
		</tags>	
	</localized>
	
	<localized lang="fr">
		<tags>
			<tag><![CDATA[Consolidés]]></tag>
		</tags>	
	</localized>
</report>
