﻿<?xml version='1.0' encoding='UTF-8'?>
<label>
  <MAIN_REPORT>
    <fn_title>"KRD par client"</fn_title>
    <Text1>Prénom</Text1>
    <Text2>Nom</Text2>
    <Text4>Code contrat</Text4>
    <Text6>KRD</Text6>
    <Text8>Montant</Text8>
    <Text9>Date de départ</Text9>
    <Text10>Date de fin</Text10>
    <Text7>Retards</Text7>
    <Text12>Nom du groupe</Text12>
    <Text3>Patronyme</Text3>
    <Text5>Identité client</Text5>
    <Text13>Agent de crédit</Text13>
    <Text14>Branche</Text14>
    <Text15>Localité</Text15>
    <Text11>Total</Text11>
  </MAIN_REPORT>
</label>