﻿<?xml version="1.0" encoding="utf-8"?>
<report order="231">
    <guid>3E042EE6-3985-4c71-A24D-D0D3AA19ED6B</guid>
    <title>OLB per Client</title>
	<description><![CDATA[OLB per Client.]]></description>
    <param name="date" label="Date" type="date"/>
	<param name="disbursed_in" label="Disbursed in" type="query" hideIfRows="2"><![CDATA[SELECT 0, 'All currencies' UNION ALL SELECT id, name FROM dbo.Currencies]]></param>
    <param name="display_in" label="Display in" type="query" hideIfRows="1"><![CDATA[SELECT id, name FROM dbo.Currencies]]></param>
	<param name="subordinate_id" label="Subordinate" type="query" hideIfRows="2">
		<![CDATA[
		SELECT 0, 'All subordinates'

		UNION ALL

		SELECT id, first_name + ' ' + last_name
		FROM dbo.Users
		WHERE id = {USER_ID}

		UNION ALL

		SELECT id, first_name + ' ' + last_name
		FROM dbo.Users
		WHERE id IN
		(
			SELECT subordinate_id 
			FROM dbo.UsersSubordinates
			WHERE user_id = {USER_ID}
		)]]>
	</param>
	<param name="branch_id" label="Branch" type="query" hideIfRows="2"><![CDATA[
		SELECT 0, 'All branches'
		UNION ALL
		SELECT DISTINCT id, name
		FROM dbo.Branches b
		INNER JOIN dbo.UsersBranches ub ON ub.branch_id = b.id
		WHERE ub.user_id = {USER_ID}
		]]>
	</param>

    <localized lang="ru-RU">
    <title>КП по клиентам</title>
	<description><![CDATA[Кредитный портфель в разрезе по клиентам.]]></description>
    <param name="date" label="Дата" type="date"/>
	<param name="disbursed_in" label="Выдачи в" type="query" hideIfRows="2"><![CDATA[SELECT 0, N'Все валюты' UNION ALL SELECT id, name FROM dbo.Currencies]]></param>
    <param name="display_in" label="Показывать в" type="query" hideIfRows="1"><![CDATA[SELECT id, name FROM dbo.Currencies]]></param>
	<param name="subordinate_id" label="Подчинённые" type="query" hideIfRows="2">
		<![CDATA[
		SELECT 0, N'Все подчинённые'

		UNION ALL

		SELECT id, first_name + ' ' + last_name
		FROM dbo.Users
		WHERE id = {USER_ID}

		UNION ALL

		SELECT id, first_name + ' ' + last_name
		FROM dbo.Users
		WHERE id IN
		(
			SELECT subordinate_id 
			FROM dbo.UsersSubordinates
			WHERE user_id = {USER_ID}
		)]]>
	</param>
	<param name="branch_id" label="Филиал" type="query" hideIfRows="2"><![CDATA[
			SELECT 0, N'Все филиалы'
			UNION ALL
			SELECT DISTINCT id, name
			FROM dbo.Branches b
			INNER JOIN dbo.UsersBranches ub ON ub.branch_id = b.id
			WHERE ub.user_id = {USER_ID}
	]]>
	</param>
    </localized>

    <localized lang="fr">
    <title>KRD par client</title>
	<description><![CDATA[Capital restant dû par client]]></description>
    <param name="date" label="A la date du" type="date"/>
	<param name="disbursed_in" label="Déboursé en" type="query" hideIfRows="2"><![CDATA[SELECT 0, N'Toutes les devises' UNION ALL SELECT id, name FROM dbo.Currencies]]></param>
    <param name="display_in" label="Affiché en" type="query" hideIfRows="1"><![CDATA[SELECT id, name FROM dbo.Currencies]]></param>
	<param name="subordinate_id" label="Subordinate" type="query" hideIfRows="2">
		<![CDATA[
		SELECT 0, N'Tous les subordonnés'

		UNION ALL

		SELECT id, first_name + ' ' + last_name
		FROM dbo.Users
		WHERE id = {USER_ID}

		UNION ALL

		SELECT id, first_name + ' ' + last_name
		FROM dbo.Users
		WHERE id IN
		(
			SELECT subordinate_id 
			FROM dbo.UsersSubordinates
			WHERE user_id = {USER_ID}
		)]]>
	</param>
	<param name="branch_id" label="Branche" type="query" hideIfRows="2"><![CDATA[
			SELECT 0, N'Toutes les branches'
			UNION ALL
			SELECT DISTINCT id, name
			FROM dbo.Branches b
			INNER JOIN dbo.UsersBranches ub ON ub.branch_id = b.id
			WHERE ub.user_id = {USER_ID}
	]]></param>
    </localized>


 <localized lang="pt">
    <title>OLB por Cliente</title>
	<description><![CDATA[OLB por Cliente.]]></description>
    <param name="date" label="data" type="date"/>
	<param name="disbursed_in" label="desembolsados ​​em" type="query" hideIfRows="2"><![CDATA[SELECT 0, 'All currencies' UNION ALL SELECT id, name FROM dbo.Currencies]]></param>
    <param name="display_in" label="Exibição em" type="query" hideIfRows="1"><![CDATA[SELECT id, name FROM dbo.Currencies]]></param>
	<param name="subordinate_id" label="Subordinate" type="query" hideIfRows="2">
		<![CDATA[
		SELECT 0, 'All subordinates'

		UNION ALL

		SELECT id, first_name + ' ' + last_name
		FROM dbo.Users
		WHERE id = {USER_ID}

		UNION ALL

		SELECT id, first_name + ' ' + last_name
		FROM dbo.Users
		WHERE id IN
		(
			SELECT subordinate_id 
			FROM dbo.UsersSubordinates
			WHERE user_id = {USER_ID}
		)]]>
	</param>
	<param name="branch_id" label="braço" type="query" hideIfRows="2"><![CDATA[
		SELECT 0, 'All branches'
		UNION ALL
		SELECT DISTINCT id, name
		FROM dbo.Branches b
		INNER JOIN dbo.UsersBranches ub ON ub.branch_id = b.id
		WHERE ub.user_id = {USER_ID}
		END ]]></param>
 </localized>
 
 	<tags>
		<tag><![CDATA[Clients]]></tag>
	</tags>
	
	<localized lang="ru-RU">
		<tags>
			<tag><![CDATA[Клиенты]]></tag>
		</tags>	
	</localized>
	
	<localized lang="fr">
		<tags>
			<tag><![CDATA[Clients]]></tag>
		</tags>	
	</localized>

	
</report>
