﻿<?xml version='1.0' encoding='UTF-8'?>
<label>
  <MAIN_REPORT>
    <fn_group>if{Rep_Written_Off_Penalty.type_of_group} = 0 then 'Normal repayment'
else 'Written-off repayment'</fn_group>
    <fn_title>"Pénalités perdues"</fn_title>
    <Text12>Code du contrat</Text12>
    <Text13>Nom du client</Text13>
    <Text15>Localité</Text15>
    <Text19>Date </Text19>
    <Text21>Retard</Text21>
    <Text25>Dû</Text25>
    <Text26>Payé</Text26>
    <Text27>Perdu</Text27>
    <Text6>KRD</Text6>
    <Text2>Total</Text2>
    <Text1>Grand total</Text1>
  </MAIN_REPORT>
</label>