﻿<?xml version='1.0' encoding='UTF-8'?>
<label>
  <MAIN_REPORT>
    <fn_group>if{Rep_Written_Off_Penalty.type_of_group} = 0 then 'Нормальная выплата'
else 'Списанная выплата'</fn_group>
    <fn_title>"Списанная пеня"</fn_title>
    <Text12>Код контракта</Text12>
    <Text13>Клиент</Text13>
    <Text15>Район</Text15>
    <Text19>Дата</Text19>
    <Text21>Просрочено</Text21>
    <Text25>По плану</Text25>
    <Text26>Оплачено</Text26>
    <Text27>Списано</Text27>
    <Text6>КП</Text6>
    <Text2>ИТОГО</Text2>
    <Text1>ИТОГО</Text1>
  </MAIN_REPORT>
</label>