﻿<?xml version="1.0" encoding="utf-8"?>
<report order="190">
    <title>Written-off penalties</title>
    <description><![CDATA[Detailed report on written-off penalties based on repayment events within a period.]]></description>
    <param name= "from" label="From" type="date" default="bom"/>
    <param name= "to" label="To" type="date" default="eom"/>
    <param name="disbursed_in" label="Disbursed in" type="query" hideIfRows="2"><![CDATA[SELECT 0, 'All currencies' UNION ALL SELECT id, name FROM dbo.Currencies]]></param>
    <param name="display_in" label="Display in" type="query" hideIfRows="1"><![CDATA[SELECT id, name FROM dbo.Currencies]]></param>
    <localized lang="ru-RU">
        <title>Списанная пеня</title>
		<description><![CDATA[Детальный отчет по пене, списанной за период.]]></description>
        <param name= "from" label="С" type="date" default="bom"/>
        <param name= "to" label="По" type="date" default="eom"/>
        <param name="disbursed_in" label="Выдачи в" type="query" hideIfRows="2"><![CDATA[SELECT 0, N'Все валюты' UNION ALL SELECT id, name FROM dbo.Currencies]]></param>
        <param name="display_in" label="Показывать в" type="query" hideIfRows="1"><![CDATA[SELECT id, name FROM dbo.Currencies]]></param>
    </localized>

	<localized lang="fr">
        <title>Pénalités perdues </title>
		<description><![CDATA[Rapport détaillé sur les pénalités passées en pertes sur une période donnée]]></description>
        <param name= "from" label="Du" type="date" default="bom"/>
        <param name= "to" label="Au" type="date" default="eom"/>
        <param name="disbursed_in" label="Déboursé en" type="query" hideIfRows="2"><![CDATA[SELECT 0, N'Touets les devises' UNION ALL SELECT id, name FROM dbo.Currencies]]></param>
        <param name="display_in" label="Afficher en" type="query" hideIfRows="1"><![CDATA[SELECT id, name FROM dbo.Currencies]]></param>
    </localized>
	<localized lang="pt">
		<title>Baixados penalidades</title>
		<description><![CDATA[Relatório detalhado sobre baixados penalidades com base em eventos de reembolso num prazo.]]></description>
		<param name= "from" label="de" type="date" default="bom"/>
		<param name= "to" label="Para" type="date" default="eom"/>
		<param name="disbursed_in" label="desembolsados ​​em" type="query" hideIfRows="2"><![CDATA[SELECT 0, 'All currencies' UNION ALL SELECT id, name FROM dbo.Currencies]]></param>
		<param name="display_in" label="Exibição em" type="query" hideIfRows="1"><![CDATA[SELECT id, name FROM dbo.Currencies]]></param>
	</localized>
 	<tags>
		<tag><![CDATA[Loans]]></tag>
	</tags>
	
	<localized lang="ru-RU">
		<tags>
			<tag><![CDATA[Кредиты]]></tag>
		</tags>	
	</localized>
	
	<localized lang="fr">
		<tags>
			<tag><![CDATA[Crédit]]></tag>
		</tags>	
	</localized>
</report>
