﻿<?xml version='1.0' encoding='UTF-8'?>
<label>
  <MAIN_REPORT>
    <fn_title>"Prêts rééchelonnés"</fn_title>
    <Text10>Code contrat</Text10>
    <Text11>Nom du client</Text11>
    <Text12>Agent de crédit</Text12>
    <Text13>Produit</Text13>
    <Text14>Montant</Text14>
    <Text15>Montant rééch.</Text15>
    <Text17>Maturité</Text17>
    <Text18>Date rééch.</Text18>
    <Text19>KRD</Text19>
    <Text2>Branche</Text2>
    <Text9>TOTAL</Text9>
    <Text1>Montant rééch/KRD</Text1>
  </MAIN_REPORT>
</label>