﻿<?xml version='1.0' encoding='UTF-8'?>
<label>
  <MAIN_REPORT>
    <fn_title>"Empréstimos parcelados"</fn_title>
    <Text10>código dos Contratos</Text10>
    <Text11>nome do cliente</Text11>
    <Text12>oficial de empréstimo</Text12>
    <Text13>nome do pacote</Text13>
    <Text14>quantidade</Text14>
    <Text15>RSCHD amt</Text15>
    <Text17>maturidade</Text17>
    <Text18>RSCHD date</Text18>
    <Text19>OLB</Text19>
	<Text2>filial</Text2>
    <Text9>TOTAL</Text9>
    <Text1>RSCHD quantidade/OLB RATIO:</Text1>
  </MAIN_REPORT>
</label>
