﻿<?xml version='1.0' encoding='UTF-8'?>
<label>
  <MAIN_REPORT>
    <fn_title>"Contas Poupança obrigatórias"</fn_title>
    <Text1>Contas Poupança obrigatórias,</Text1>
    <Text2>cliente</Text2>
    <Text3>oficial de empréstimo</Text3>
    <Text4>contrato de empréstimo</Text4>
    <Text5>montante do empréstimo</Text5>
    <Text6>produto de empréstimo</Text6>
    <Text7>Parcela de empréstimo coberto pelas economias (%)</Text7>
    <Text8>Poupança código de conta</Text8>
    <Text9>Poupança equilíbrio das contas</Text9>
    <Text10>Total</Text10>
  </MAIN_REPORT>
</label>
