﻿<?xml version='1.0' encoding='UTF-8'?>
<label>
  <MAIN_REPORT>
    <fn_title>"Страхование кредитов"</fn_title>
    <Text1>Клиент</Text1>
    <Text3>Сумма</Text3>
    <Text4>Код контракта</Text4>
    <Text6>Собранная премия</Text6>
    <Text7>Заработанная премия</Text7>
    <Text8>Премия к возврату</Text8>
    <Text9>№</Text9>
    <Text2>Дата</Text2>
    <Text5>Код клиента</Text5>
    <Text10>Итого</Text10>
  </MAIN_REPORT>
</label>
