﻿<?xml version="1.0" encoding="utf-8"?>
<report order="180">
    <title>Credit life insurance</title>
    <description><![CDATA[The report shows detailed information about the credit life insurance. It includes collected insurances, earned premiums and premiums to refund.]]></description>
    <param name="date_from" label="From" type="date"/>
    <param name="date_to" label="To" type="date"/>
	 <param name="disbursed_in" label="Disbursed in" type="query" hideIfRows="2"><![CDATA[SELECT 0, 'ALL' UNION ALL SELECT id, name FROM dbo.Currencies]]></param>
    <param name="display_in" label="Display in" type="query" hideIfRows="1"><![CDATA[SELECT id, name FROM dbo.Currencies]]></param>
    
    <localized lang="ru-RU">
        <title>Страхование кредитов</title>
        <description><![CDATA[Данный отчет показывает информацию о страховании кредитов. Он включает в себя полученные страховые взносы, заработанные премии и премии подлежащие возврату.]]></description>
        <param name="beginDate" label="С" type="date"/>
        <param name="endDate" label="По" type="date"/>
		<param name="disbursed_in" label="Выдачи в" type="query" hideIfRows="2"><![CDATA[SELECT 0, N'Все валюты' UNION ALL SELECT id, name FROM dbo.Currencies]]></param>
        <param name="display_in" label="Показывать в" type="query" hideIfRows="1"><![CDATA[SELECT id, name FROM dbo.Currencies]]></param>
    </localized>

    <localized lang="fr">
        <title>Assurance pour le crédit</title>
        <description><![CDATA[Le rapport affiche les informations concernant l'assurance pour le crédit. Cela inclut le montant des assurances collectées, les premiums gagnés par le client et par l'IMF.]]></description>
        <param name="beginDate" label="Date de debut" type="date"/>
        <param name="endDate" label="Date de fin" type="date"/>
		 <param name="disbursed_in" label="Disbursed in" type="query" hideIfRows="2"><![CDATA[SELECT 0, 'ALL' UNION ALL SELECT id, name FROM dbo.Currencies]]></param>
        <param name="display_in" label="Display in" type="query" hideIfRows="1"><![CDATA[SELECT id, name FROM dbo.Currencies]]></param>
	</localized>


 <localized lang="pt">
    <title>Seguro de vida de crédito</title>
    <description><![CDATA[O relatório mostra informações detalhadas sobre o seguro de vida de crédito. Ele inclui seguros coletados, os prémios ganhos e prémios para reembolsar.]]></description>
    <param name="date_from" label="de" type="date"/>
    <param name="date_to" label="Para" type="date"/>
	 <param name="disbursed_in" label="desembolsados ​​em" type="query" hideIfRows="2"><![CDATA[SELECT 0, 'ALL' UNION ALL SELECT id, name FROM dbo.Currencies]]></param>
    <param name="display_in" label="Exibição em" type="query" hideIfRows="1"><![CDATA[SELECT id, name FROM dbo.Currencies]]></param>
 </localized>

 	<tags>
		<tag><![CDATA[Loans]]></tag>
	</tags>
	
	<localized lang="ru-RU">
		<tags>
			<tag><![CDATA[Кредиты]]></tag>
		</tags>	
	</localized>
	
	<localized lang="fr">
		<tags>
			<tag><![CDATA[Crédit]]></tag>
		</tags>	
	</localized>
</report>


