﻿<?xml version='1.0' encoding='UTF-8'?>
<label>
  <MAIN_REPORT>
    <fn_footer>"Juros acumulados para "+Cstr({?date}, "dd.MM.yyyy")+". Disbursed in "+CStr({?disbursed_in_name})+". Displayed in "+CStr({?display_in_name})+". "</fn_footer>
    <Text16>juros acumulados</Text16>
    <Text1>código dos Contratos</Text1>
    <Text2>nome do cliente</Text2>
    <Text3>distrito</Text3>
    <Text4>código do produto</Text4>
    <Text5>montante do empréstimo</Text5>
    <Text6>juros acumulados</Text6>
    <Text8>dias de atraso</Text8>
    <Text7>oficial de empréstimo</Text7>
    <Text11>Total:</Text11>
  </MAIN_REPORT>
</label>