﻿<?xml version='1.0' encoding='UTF-8'?>
<label>
  <MAIN_REPORT>
    <fn_footer>"Intérêts accrués à la date du "+Cstr({?date}, "dd.MM.yyyy")+". Déboursés en "+CStr({?disbursed_in_name})+". Affichés en "+CStr({?display_in_name})+"."</fn_footer>
    <Text16>Intérêts accrués</Text16>
    <Text1>Code contrat</Text1>
    <Text2>Com du client</Text2>
    <Text3>Localité</Text3>
    <Text4>Produit de prêt</Text4>
    <Text5>Montant du prêt</Text5>
    <Text6>Intérêts accrués</Text6>
    <Text8>Jours de retard</Text8>
    <Text7>Agent de crédit</Text7>
    <Text11>TOTAL</Text11>
  </MAIN_REPORT>
</label>