﻿<?xml version='1.0' encoding='UTF-8'?>
<label>
  <MAIN_REPORT>
    <fn_footer>"Taux de change : gains / pertes " + CStr({?from}, "dd.MM.yyyy") + " — " +CStr({?to}, "dd.MM.yyyy") + " • " + {?index} + " → " + {?pivot} + " • " + {?USER_NAME} + " • " + {?BRANCH_NAME}</fn_footer>
    <Text1>Taux de change: gains / pertes</Text1>
    <Text10>Localité</Text10>
    <Text11>Code contrat</Text11>
    <Text13>KRD au départ</Text13>
    <Text15>Déboursement</Text15>
    <Text17>Remboursement</Text17>
    <Text19>KRD à la fin</Text19>
    <Text20>Nouveau</Text20>
    <Text23>KRD Attendu</Text23>
    <Text25>Non réalisé G/P</Text25>
    <Text27>Réalisé G/P</Text27>
    <Text29>Total G/P</Text29>
    <Text30>TOTAL</Text30>
  </MAIN_REPORT>
</label>