﻿<?xml version='1.0' encoding='UTF-8'?>
<label>
  <MAIN_REPORT>
    <fn_footer>"Taxa de câmbio ganho / perda • " + CStr({?from}, "dd.MM.yyyy") + " — " +CStr({?to}, "dd.MM.yyyy") + " • " + {?index} + " → " + {?pivot} + " • " + {?USER_NAME} + " • " + {?BRANCH_NAME}</fn_footer>
    <Text1>Taxa de câmbio ganho / perda</Text1>
    <Text10>distrito</Text10>
    <Text11>código dos Contratos</Text11>
    <Text13>OLB início</Text13>
    <Text15>desembolso</Text15>
    <Text17>reembolso</Text17>
    <Text19>final OLB</Text19>
    <Text20>novo</Text20>
    <Text23>OLB esperado</Text23>
    <Text25>G não realizado / L</Text25>
    <Text27>Realizado G / L</Text27>
    <Text29>Total G/L</Text29>
    <Text30>TOTAL</Text30>
  </MAIN_REPORT>
</label>