﻿<?xml version="1.0" encoding="utf-8"?>
<report order="150">
    <title>Exchange Rate Gain/Loss</title>
    <description><![CDATA[Calculate the exchange rate gain/loss within a specified period (for MFIs indexing their portfolio in an international currency).]]></description>
    <param name="from" label="From" type="date"/>
    <param name="to" label="To" type="date"/>
    <param name="pivot" type="query" label="Pivot" hideIfRows="1"><![CDATA[SELECT id,name FROM dbo.Currencies WHERE is_pivot = 1]]></param>
    <param name="index" type="query" label="Index" hideIfRows="1"><![CDATA[SELECT id,name FROM dbo.Currencies WHERE is_pivot = 0]]></param>

    <localized lang="ru-RU">
    <title>Доходы и убытки от курсовых разниц</title>
    <description><![CDATA[Расчет доходов и убытков от курсовых разниц за указанный период (для МКК индексирующих портфель).]]></description>
    <param name="from" label="С" type="date"/>
    <param name="to" label="По" type="date"/>
    <param name="pivot" type="query" label="Pivot" hideIfRows="1"><![CDATA[SELECT name,name FROM dbo.Currencies WHERE is_pivot = 1]]></param>
    <param name="index" type="query" label="Index" hideIfRows="1"><![CDATA[SELECT name,name FROM dbo.Currencies WHERE is_pivot = 0]]></param>
    </localized>

    <localized lang="fr">
    <title>Taux de change: profits et pertes</title>
    <description><![CDATA[Calcul des profits et pertes sur le taux de change sur une période donnée (pour les IMF indexant leur portefeuille sur une devise internationale).]]></description>
    <param name="from" label="Date de début" type="date"/>
    <param name="to" label="Date de fin" type="date"/>
    <param name="pivot" type="query" label="Pivot" hideIfRows="1"><![CDATA[SELECT name,name FROM dbo.Currencies WHERE is_pivot = 1]]></param>
    <param name="index" type="query" label="Index" hideIfRows="1"><![CDATA[SELECT name,name FROM dbo.Currencies WHERE is_pivot = 0]]></param>
    </localized>


 <localized lang="pt">
    <title>Taxa de Câmbio Ganho / Perda</title>
    <description><![CDATA[Calcule o ganho de taxa de câmbio / perda dentro de um período especificado (IFM para indexar sua carteira em uma moeda internacional).]]></description>
    <param name="from" label="de" type="date"/>
    <param name="to" label="Para" type="date"/>
    <param name="pivot" type="query" label="articulação" hideIfRows="1"><![CDATA[SELECT id,name FROM dbo.Currencies WHERE is_pivot = 1]]></param>
    <param name="index" type="query" label="índice" hideIfRows="1"><![CDATA[SELECT id,name FROM dbo.Currencies WHERE is_pivot = 0]]></param>
 </localized>

 	<tags>
		<tag><![CDATA[Loans]]></tag>
	</tags>
	
	<localized lang="ru-RU">
		<tags>
			<tag><![CDATA[Кредиты]]></tag>
		</tags>	
	</localized>
	
	<localized lang="fr">
		<tags>
			<tag><![CDATA[Crédit]]></tag>
		</tags>	
	</localized>
</report>
