﻿<?xml version="1.0" encoding="utf-8"?>
<report order="1">
    <title>Delinquent loans</title>
    <description><![CDATA[Detailed report on delinquent loans. Displays days late and penalty among other data.]]></description>
    <param name="date" label="As of" type="date"/>
    <param name="disbursed_in" label="Disbursed in" type="query" hideIfRows="2"><![CDATA[SELECT 0, 'All currencies' UNION ALL SELECT id, name FROM dbo.Currencies]]></param>
    <param name="display_in" label="Display in" type="query" hideIfRows="1"><![CDATA[SELECT id, name FROM dbo.Currencies]]></param>
    <param name="branch_id" label="Branch" type="query" hideIfRows="2"><![CDATA[
        DECLARE @conso_mode BIT
        SELECT @conso_mode = CAST(value AS BIT)
        FROM dbo.GeneralParameters
        WHERE [key] = 'CONSOLIDATION_MODE'

        IF 0 = @conso_mode
        BEGIN
            SELECT 0, 'All branches'
            UNION ALL
            SELECT DISTINCT id, name
            FROM dbo.Branches b
            INNER JOIN dbo.UsersBranches ub ON ub.branch_id = b.id
            WHERE ub.user_id = {USER_ID}
        END
        ELSE
        BEGIN
            SELECT 0, 'All branches'
            UNION ALL
            SELECT CAST(ROW_NUMBER() OVER (ORDER BY branch_name) AS INT), branch_name
            FROM dbo.Rep_Disbursements_Data
            GROUP BY branch_name
        END
    ]]></param>
	<param name="subordinate_id" label="Subordinate" type="query" hideIfRows="2"><![CDATA[
		DECLARE @conso_mode BIT
		SELECT @conso_mode = CAST(value AS BIT)
		FROM dbo.GeneralParameters
		WHERE [key] = 'CONSOLIDATION_MODE'

		DECLARE @users TABLE (id INT NOT NULL, name NVARCHAR(100))

		INSERT INTO @users
		SELECT 0, 'All subordinates'

		INSERT INTO @users
		SELECT id, first_name + ' ' + last_name
		FROM dbo.Users
		WHERE id = {USER_ID}

		IF 0 = @conso_mode
		BEGIN
			INSERT INTO @users
			SELECT id, first_name + ' ' + last_name
			FROM dbo.Users
			WHERE id IN
			(
				SELECT subordinate_id 
				FROM dbo.UsersSubordinates
				WHERE user_id = {USER_ID}
			)
		END

		SELECT * FROM @users
	]]></param>
 
   <localized lang="ru-RU">
        <title>Просроченные кредиты</title>
        <description><![CDATA[Детальный отчет по просроченным кредитам. Отображает дни просрочки и пеню среди прочих данных.]]></description>
        <param name="date" label="На" type="date" default="today"/>
        <param name="disbursed_in" label="Выдачи в" type="query" hideIfRows="2"><![CDATA[SELECT 0, N'Все валюты' UNION ALL SELECT id, name FROM dbo.Currencies]]></param>
        <param name="display_in" label="Показывать в" type="query" hideIfRows="1"><![CDATA[SELECT id, name FROM dbo.Currencies]]></param>
        <param name="loan_officer" label="Кред. спец." type="query"><![CDATA[SELECT 0, N'Все' UNION ALL SELECT id, first_name + ' ' + last_name FROM dbo.Users WHERE deleted = 0]]></param>
		<param name="branch_id" label="Филиал" type="query" hideIfRows="2"><![CDATA[
            DECLARE @conso_mode BIT
            SELECT @conso_mode = CAST(value AS BIT)
            FROM dbo.GeneralParameters
            WHERE [key] = 'CONSOLIDATION_MODE'

            IF 0 = @conso_mode
            BEGIN
                SELECT 0, N'Все филиалы'
                UNION ALL
                SELECT DISTINCT id, name
                FROM dbo.Branches b
                INNER JOIN dbo.UsersBranches ub ON ub.branch_id = b.id
                WHERE ub.user_id = {USER_ID}
            END
            ELSE
            BEGIN
                SELECT 0, 'All branches'
                UNION ALL
                SELECT CAST(ROW_NUMBER() OVER (ORDER BY branch_name) AS INT), branch_name
                FROM dbo.Rep_Disbursements_Data
                GROUP BY branch_name
            END
        ]]></param>
		<param name="subordinate_id" label="Подчиненный" type="query" hideIfRows="2"><![CDATA[
			DECLARE @conso_mode BIT
			SELECT @conso_mode = CAST(value AS BIT)
			FROM dbo.GeneralParameters
			WHERE [key] = 'CONSOLIDATION_MODE'

			DECLARE @users TABLE (id INT NOT NULL, name NVARCHAR(100))

			INSERT INTO @users
            SELECT 0, N'Все подчиненные'

			INSERT INTO @users
			SELECT id, first_name + ' ' + last_name
			FROM dbo.Users
			WHERE id = {USER_ID}

			IF 0 = @conso_mode
			BEGIN
				INSERT INTO @users
				SELECT id, first_name + ' ' + last_name
				FROM dbo.Users
				WHERE id IN
				(
					SELECT subordinate_id 
					FROM dbo.UsersSubordinates
					WHERE user_id = {USER_ID}
				)
			END

			SELECT * FROM @users
		]]></param>
    </localized>

	<localized lang="fr">
        <title>Prêts en retard</title>
        <description><![CDATA[Liste des prêts en retard à une date donnée. Tri par agent de crédit. Affichage du code contrat, client, principal déboursé, principal remboursé, principal et intérêts en retard, nombre de jours de retard et pénalités de retard.]]></description>
        <param name="date" label="A la date du" type="date" default="today"/>
        <param name="disbursed_in" label="Déboursé en" type="query" hideIfRows="2"><![CDATA[SELECT 0, N'Toutes les devises' UNION ALL SELECT id, name FROM dbo.Currencies]]></param>
        <param name="display_in" label="Affiché en" type="query" hideIfRows="1"><![CDATA[SELECT id, name FROM dbo.Currencies]]></param>
        <param name="loan_officer" label="Agent de crédit" type="query"><![CDATA[SELECT 0, N'Tous' UNION ALL SELECT id, first_name + ' ' + last_name FROM dbo.Users WHERE deleted = 0]]></param>
		<param name="branch_id" label="Branche" type="query" hideIfRows="2"><![CDATA[
            DECLARE @conso_mode BIT
            SELECT @conso_mode = CAST(value AS BIT)
            FROM dbo.GeneralParameters
            WHERE [key] = 'CONSOLIDATION_MODE'

            IF 0 = @conso_mode
            BEGIN
                SELECT 0, N'Toutes les branches'
                UNION ALL
                SELECT DISTINCT id, name
                FROM dbo.Branches b
                INNER JOIN dbo.UsersBranches ub ON ub.branch_id = b.id
                WHERE ub.user_id = {USER_ID}
            END
            ELSE
            BEGIN
                SELECT 0, 'All branches'
                UNION ALL
                SELECT CAST(ROW_NUMBER() OVER (ORDER BY branch_name) AS INT), branch_name
                FROM dbo.Rep_Disbursements_Data
                GROUP BY branch_name
            END
        ]]></param>
		<param name="subordinate_id" label="Subordonné" type="query" hideIfRows="2"><![CDATA[
			DECLARE @conso_mode BIT
			SELECT @conso_mode = CAST(value AS BIT)
			FROM dbo.GeneralParameters
			WHERE [key] = 'CONSOLIDATION_MODE'

			DECLARE @users TABLE (id INT NOT NULL, name NVARCHAR(100))

			INSERT INTO @users
            SELECT 0, N'Tous les subordonnés'

			INSERT INTO @users
			SELECT id, first_name + ' ' + last_name
			FROM dbo.Users
			WHERE id = {USER_ID}

			IF 0 = @conso_mode
			BEGIN
				INSERT INTO @users
				SELECT id, first_name + ' ' + last_name
				FROM dbo.Users
				WHERE id IN
				(
					SELECT subordinate_id 
					FROM dbo.UsersSubordinates
					WHERE user_id = {USER_ID}
				)
			END

			SELECT * FROM @users
		]]></param>
    </localized>


 <localized lang="pt">
 <title>empréstimos inadimplentes</title>
    <description><![CDATA[Relatório detalhado sobre os empréstimos inadimplentes. Exibe dias de atraso e multa entre outros dados.]]></description>
    <param name="date" label="A partir de" type="date"/>
    <param name="disbursed_in" label="desembolsados ​​em" type="query" hideIfRows="2"><![CDATA[SELECT 0, 'All currencies' UNION ALL SELECT id, name FROM dbo.Currencies]]></param>
    <param name="display_in" label="Exibição em" type="query" hideIfRows="1"><![CDATA[SELECT id, name FROM dbo.Currencies]]></param>
    <param name="branch_id" label="braço" type="query" hideIfRows="2"><![CDATA[
        DECLARE @conso_mode BIT
        SELECT @conso_mode = CAST(value AS BIT)
        FROM dbo.GeneralParameters
        WHERE [key] = 'CONSOLIDATION_MODE'

        IF 0 = @conso_mode
        BEGIN
            SELECT 0, 'All branches'
            UNION ALL
            SELECT DISTINCT id, name
            FROM dbo.Branches b
            INNER JOIN dbo.UsersBranches ub ON ub.branch_id = b.id
            WHERE ub.user_id = {USER_ID}
        END
        ELSE
        BEGIN
            SELECT 0, 'All branches'
            UNION ALL
            SELECT CAST(ROW_NUMBER() OVER (ORDER BY branch_name) AS INT), branch_name
            FROM dbo.Rep_Disbursements_Data
            GROUP BY branch_name
        END
    ]]></param>
	<param name="subordinate_id" label="subordinar" type="query" hideIfRows="2"><![CDATA[
		DECLARE @conso_mode BIT
		SELECT @conso_mode = CAST(value AS BIT)
		FROM dbo.GeneralParameters
		WHERE [key] = 'CONSOLIDATION_MODE'

		DECLARE @users TABLE (id INT NOT NULL, name NVARCHAR(100))

		INSERT INTO @users
		SELECT 0, 'All subordinates'

		INSERT INTO @users
		SELECT id, first_name + ' ' + last_name
		FROM dbo.Users
		WHERE id = {USER_ID}

		IF 0 = @conso_mode
		BEGIN
			INSERT INTO @users
			SELECT id, first_name + ' ' + last_name
			FROM dbo.Users
			WHERE id IN
			(
				SELECT subordinate_id 
				FROM dbo.UsersSubordinates
				WHERE user_id = {USER_ID}
			)
		END

		SELECT * FROM @users
	]]></param>
 </localized>

  	<tags>
		<tag><![CDATA[Loans]]></tag>
	</tags>
	
	<localized lang="ru-RU">
		<tags>
			<tag><![CDATA[Кредиты]]></tag>
		</tags>	
	</localized>
	
	<localized lang="fr">
		<tags>
			<tag><![CDATA[Crédit]]></tag>
		</tags>	
	</localized>
	
</report>
