<?xml version="1.0" encoding="utf-8"?>
<report order="0" attachmentPoint="LoanDetails" visibility="Individual">
	<title>Individual loan agreement</title>
    <description><![CDATA[Individual loan agreement.]]></description>
	<param name="contract_id" label="Contract ID" type="int"/>
    
	<localized lang="pt">
		<title>Contrato de empr?imo individual</title>
		<description><![CDATA[Contrato de empr?imo individual.]]></description>
		<param name="contract_id" label="ID do Contrato" type="int"/>
	</localized>
	
	<localized lang="ru-RU">
		<title>Индивидуальный кредитный договор</title>
		<description><![CDATA[Индивидуальный кредитный договор.]]></description>
		<param name="contract_id" label="Contract ID" type="int"/>
    </localized>
	
	<localized lang="fr">
		<title>Attestation de pret individuel</title>
		<description><![CDATA[Attestation de pret individuel.]]></description>
		<param name="contract_id" label="Contract ID" type="int"/>
	</localized>

</report>
