﻿<?xml version='1.0' encoding='UTF-8'?>
<label>
  <MAIN_REPORT>
    <Text2>quantidade</Text2>
    <Text3>dados de identificação</Text3>
    <Text4>nome do cliente</Text4>
    <Text9>Recibo de Desembolso</Text9>
    <Text29>nome do cliente</Text29>
    <Text28>contrato n</Text28>
    <Text19>Data pago</Text19>
    <Text21>oficial de empréstimo</Text21>
    <Text1>Taxas de Inscrição</Text1>
    <Text37>nome do cliente</Text37>
    <Text36>ID do cliente</Text36>
    <Text35>valor Recebido</Text35>
    <Text34>Assinatura do Cliente</Text34>
  </MAIN_REPORT>
</label>