﻿<?xml version="1.0" encoding="utf-8"?>
<report order="8" attachmentPoint="VillageDetails" visibility="NonSolidaryGroup">
    <title>Village Disbursement cash receipt</title>
    <description><![CDATA[Village Disbursement cash receipt]]></description>
	<params>
        <param name="village_id" label="Village" type="query" hideIfRows="0"><![CDATA[SELECT id, name FROM dbo.Villages]]></param>
    </params>
	
	<localized lang="ru-RU">
        <title>Расходный кассовый ордер для группы без солидарной ответственности</title>
        <description><![CDATA[Расходных кассовый ордер для группы без солидарной ответственности.]]></description>  
		<param name="village_id" label="Группа без солидарной ответсвенности" type="query" hideIfRows="0"><![CDATA[SELECT id, name FROM dbo.Villages]]></param>
    </localized>
	
	<localized lang="fr">
        <title>Recu de décaissement en cash pour GNS</title>
        <description><![CDATA[Recu de décaissement en cash pour GNS.]]></description>  
		<param name="village_id" label="Groupe non solidaire" type="query" hideIfRows="0"><![CDATA[SELECT id, name FROM dbo.Villages]]></param>
    </localized>

 <localized lang="pt">
    <title>Grupo recibo de Desembolso</title>
    <description><![CDATA[Grupo recibo de Desembolso]]></description>
	<params>
        <param name="village_id" label="grupo" type="query" hideIfRows="0"><![CDATA[SELECT id, name FROM dbo.Villages]]></param>
    </params>
 </localized>

	
</report>
