﻿<?xml version='1.0' encoding='UTF-8'?>
<label>
  <MAIN_REPORT>
    <fn_footer>"Главная книга • " + CStr({?from}, "dd.MM.yyyy") + CStr({?to}, "dd.MM.yyyy") + "—" + " • " + 
Iif({?disbursed_in_name} = {?display_in_name}, {?disbursed_in_name}, 
{?disbursed_in_name} + " → " + {?display_in_name}) + " • " +
{?USER_NAME} + " • " + {?BRANCH_NAME}</fn_footer>
    <fn_openning_balance>"Входяшее сальдо — " + CStr({Rep_Booking_List.opening_balance}, 2)</fn_openning_balance>
    <Text16>Главная книга</Text16>
    <Text2>№ транзакции</Text2>
    <Text3>Дата</Text3>
    <Text4>Клиент</Text4>
    <Text6>Описание</Text6>
    <Text7>Дебетовые суммы</Text7>
    <Text8>Сумма кредита</Text8>
    <Text9>Совокупное сальдо</Text9>
    <Text5>СУММА</Text5>
  </MAIN_REPORT>
</label>