﻿<?xml version="1.0" encoding="utf-8"?>
<report order="9" attachmentPoint="VillageDetails" visibility="NonSolidaryGroup">
    <title>Village Repayment Collection Sheet</title>
    <description><![CDATA[Repayment Collection Sheet For Village]]></description>
	<param name="village_id" label="Village" type="query" hideIfRows="0"><![CDATA[SELECT id, name FROM dbo.Villages]]></param>
    <param name="from" label="From" type="date" additional="true"/>
	<param name="to" label="To" type="date" additional="true"/>
	<param name="display_in" label="Display in" type="query" hideIfRows="1" additional="true"><![CDATA[SELECT id, name FROM dbo.Currencies]]></param>
	
    <localized lang="ru-RU">
        <title>График погашений</title>
        <description><![CDATA[График погашений]]></description>
		<param name="village_id" label="Группа без солидарной ответстевнности" type="query" hideIfRows="0"><![CDATA[SELECT id, name FROM dbo.Villages]]></param>
		<param name="from" label="От" type="date" additional="true"/>
		<param name="to" label="До" type="date" additional="true"/>
		<param name="display_in" label="Показать в" type="query" hideIfRows="1" additional="true"><![CDATA[SELECT id, name FROM dbo.Currencies]]></param>
    </localized>
	
    <localized lang="fr">
        <title>Liste des remboursements pour groupes non solidaire</title>
        <description><![CDATA[Liste des remboursements pour groupes non solidaire]]></description>
		<param name="village_id" label="Groupe non solidaire" type="query" hideIfRows="0"><![CDATA[SELECT id, name FROM dbo.Villages]]></param>
		<param name="from" label="Depuis" type="date" additional="true"/>
		<param name="to" label="Jusqu'à" type="date" additional="true"/>
		<param name="display_in" label="Affiché en" type="query" hideIfRows="1" additional="true"><![CDATA[SELECT id, name FROM dbo.Currencies]]></param>
    </localized>

 <localized lang="pt">
    <title>Aldeia folha de recolha de Reembolso</title>
    <description><![CDATA[Folha de reembolso Colecção Para o grupo]]></description>
	<param name="village_id" label="grupo" type="query" hideIfRows="0"><![CDATA[SELECT id, name FROM dbo.Villages]]></param>
    <param name="from" label="de" type="date" additional="true"/>
	<param name="to" label="Para" type="date" additional="true"/>
	<param name="display_in" label="Exibição em" type="query" hideIfRows="1" additional="true"><![CDATA[SELECT id, name FROM dbo.Currencies]]></param>
	
 </localized>

</report>
