<?xml version="1.0" encoding="utf-8"?>
<report order="0" attachmentPoint="SavingsDeposit" visibility="All">
	<guid>cef58540-2910-45b5-8e0d-8bee2f5b44e4</guid>
    <title>Contract status</title>
    <description><![CDATA[Contract status.]]></description>
    <params>
        <param name="saving_id" label="Saving ID" type="int"/>
    </params>

   <localized lang="pt">
    <title>status de contrato</title>
    <description><![CDATA[status de contrato.]]></description>
    <params>
        <param name="saving_id" label="salvando o ID" type="int"/>
    </params>
   </localized>

</report>
