﻿<?xml version='1.0' encoding='UTF-8'?>
<label>
  <MAIN_REPORT>
    <Text1>prazo de vencimento residual</Text1>
    <Text19>Principal</Text19>
    <Text20>tarde</Text20>
    <Text21>1 Mês</Text21>
    <Text22>2 meses</Text22>
    <Text23>3 meses</Text23>
    <Text24>3-6 meses</Text24>
    <Text25>6-12 meses</Text25>
    <Text26>1-2 anos</Text26>
    <Text27>2-3 anos</Text27>
    <Text28>&gt; 3 anos</Text28>
    <Text29>interesse</Text29>
    <Text32>tarde</Text32>
    <Text33>&gt; 3 anos</Text33>
    <Text34>2-3 anos</Text34>
    <Text35>1-2 anos</Text35>
    <Text36>6-12 meses</Text36>
    <Text37>3-6 meses</Text37>
    <Text38>3 meses</Text38>
    <Text39>2 meses</Text39>
    <Text40>1 Mês</Text40>
    <Text43>tarde</Text43>
    <Text44>1 Mês</Text44>
    <Text45>2 meses</Text45>
    <Text46>3 meses</Text46>
    <Text47>3-6 meses</Text47>
    <Text48>6-12 meses</Text48>
    <Text49>1-2 anos</Text49>
    <Text50>2-3 anos</Text50>
    <Text51>&gt; 3 anos</Text51>
    <Text52>Principal</Text52>
    <Text53>interesse</Text53>
    <Text2>Total interesse</Text2>
    <Text3>Total principal</Text3>
  </MAIN_REPORT>
</label>