﻿<?xml version='1.0' encoding='UTF-8'?>
<label>
  <MAIN_REPORT>
    <fn_title>"Maturité résiduelle"</fn_title>
    <Text19>Principal</Text19>
    <Text20>En retard</Text20>
    <Text21>1 mois</Text21>
    <Text22>2 mois</Text22>
    <Text23>3 mois</Text23>
    <Text24>3-6 mois</Text24>
    <Text25>6-12 mois</Text25>
    <Text26>1-2 ans</Text26>
    <Text27>2-3 ans</Text27>
    <Text28>&gt; 3 ans</Text28>
    <Text29>Intérêt</Text29>
    <Text32>En retard</Text32>
    <Text33>&lt;3 ans</Text33>
    <Text34>2-3 ans</Text34>
    <Text35>1-2 ans</Text35>
    <Text36>6-12 mois</Text36>
    <Text37>3-6 mois</Text37>
    <Text38>3 mois</Text38>
    <Text39>2 mois</Text39>
    <Text40>1 mois</Text40>
    <Text43>En retard</Text43>
    <Text44>1 mois</Text44>
    <Text45>2 mois</Text45>
    <Text46>3 mois</Text46>
    <Text47>3-6 mois</Text47>
    <Text48>6-12 mois</Text48>
    <Text49>1-2 ans</Text49>
    <Text50>2-3 ans</Text50>
    <Text51>&lt;3 ans</Text51>
    <Text52>Principal</Text52>
    <Text53>Intérêt</Text53>
    <Text2>Total intérêt</Text2>
    <Text3>Total principal</Text3>
  </MAIN_REPORT>
</label>