﻿<?xml version='1.0' encoding='UTF-8'?>
<label>
  <MAIN_REPORT>
    <fn_title>"Погашения по срокам"</fn_title>
    <Text19>Основная сумма</Text19>
    <Text20>РИСК</Text20>
    <Text21>1 месяц</Text21>
    <Text22>2 месяца</Text22>
    <Text23>3 месяца</Text23>
    <Text24>3-6 месяцев</Text24>
    <Text25>6-12 месяцев</Text25>
    <Text26>1-2 лет</Text26>
    <Text27>2-3 года</Text27>
    <Text28>&gt; 3 лет</Text28>
    <Text29>Процент</Text29>
    <Text32>РИСК</Text32>
    <Text33>&gt; 3 лет</Text33>
    <Text34>2-3 года</Text34>
    <Text35>1-2 лет</Text35>
    <Text36>6-12 месяцев</Text36>
    <Text37>3-6 месяцев</Text37>
    <Text38>3 месяца</Text38>
    <Text39>2 месяц</Text39>
    <Text40>1 месяц</Text40>
    <Text43>РИСК</Text43>
    <Text44>1 месяц</Text44>
    <Text45>2 месяца</Text45>
    <Text46>3 месяца</Text46>
    <Text47>3-6 месяцев</Text47>
    <Text48>6-12 месяцев</Text48>
    <Text49>1-2 года</Text49>
    <Text50>2-3 года</Text50>
    <Text51>&gt; 3 лет</Text51>
    <Text52>Осн. сумма</Text52>
    <Text53>Процент</Text53>
    <Text2>Итого процент</Text2>
    <Text3>Итого осн. сумма</Text3>
  </MAIN_REPORT>
</label>