﻿<?xml version="1.0" encoding="utf-8"?>
<report order="110">
    <title>Client and loan statistics</title>
    <description><![CDATA[Aggregated information about active loans and clients. Breakdown by client gender, domain of activity, loan matruity, grace period, amount.]]></description>
    <param name="endDate" label="Date" type="date"/>
    <param name="disbursed_in" label="Disbursed in" type="query" hideIfRows="2"><![CDATA[SELECT 0, 'ALL' UNION ALL SELECT id, name FROM dbo.Currencies]]></param>
    <param name="display_in" label="Display in" type="query" hideIfRows="1"><![CDATA[SELECT id, name FROM dbo.Currencies]]></param>

    <localized lang="ru-RU">
    <title>Статистика по клиентам и займам</title>
    <description><![CDATA[Сводная информация об активных клиентах и займах. Информация разбивается по гендерному составу, сфере деятельности, длительности займа и так далее.]]></description>
    <param name="endDate" label="Дата" type="date"/>
    <param name="disbursed_in" label="Выдан в" type="query" hideIfRows="2"><![CDATA[SELECT 0, 'ALL' UNION ALL SELECT id, name FROM dbo.Currencies]]></param>
    <param name="display_in" label="Отображать в" type="query" hideIfRows="1"><![CDATA[SELECT id, name FROM dbo.Currencies]]></param>
    </localized>

    <localized lang="fr">
    <title>Statistiques sur les crédits</title>
    <description><![CDATA[Statistiques sur les crédits actifs. Analyse par genre du client ,activité économique, maturité du crédit, période de grâce, montant, localité.]]></description>
    <param name="endDate" label="A la date du" type="date"/>
    <param name="disbursed_in" label="Deboursé en" type="query" hideIfRows="2"><![CDATA[SELECT 0, 'ALL' UNION ALL SELECT id, name FROM dbo.Currencies]]></param>
    <param name="display_in" label="Affiché en" type="query" hideIfRows="1"><![CDATA[SELECT id, name FROM dbo.Currencies]]></param>
    </localized>


 <localized lang="pt">
    <title>Estatísticas do cliente e do empréstimo</title>
    <description><![CDATA[A informação agregada sobre empréstimos ativos e clientes. Distribuição por sexo do cliente, domínio de actividade, matruity empréstimo, período de carência, a quantidade.]]></description>
    <param name="endDate" label="data" type="date"/>
    <param name="disbursed_in" label="desembolsados ​​em" type="query" hideIfRows="2"><![CDATA[SELECT 0, 'ALL' UNION ALL SELECT id, name FROM dbo.Currencies]]></param>
    <param name="display_in" label="Exibição em" type="query" hideIfRows="1"><![CDATA[SELECT id, name FROM dbo.Currencies]]></param>
 </localized>
 
 <tags>
		<tag><![CDATA[Clients]]></tag>
	</tags>
	
	<localized lang="ru-RU">
		<tags>
			<tag><![CDATA[Клиенты]]></tag>
		</tags>	
	</localized>
	
	<localized lang="fr">
		<tags>
			<tag><![CDATA[Clients]]></tag>
		</tags>	
	</localized>
	
 	<tags>
		<tag><![CDATA[Loans]]></tag>
	</tags>
	
	<localized lang="ru-RU">
		<tags>
			<tag><![CDATA[Займы]]></tag>
		</tags>	
	</localized>
	
	<localized lang="fr">
		<tags>
			<tag><![CDATA[Crédit]]></tag>
		</tags>	
	</localized>


</report>
