﻿<?xml version='1.0' encoding='UTF-8'?>
<label>
  <MAIN_REPORT>
    <fn_title>"Доля женщин"</fn_title>
  </MAIN_REPORT>
  <By_District>
    <Text1>Район</Text1>
    <Text2>Итого КП</Text2>
    <Text3>КП женщин</Text3>
    <Text4>Доля женщин</Text4>
    <Text5>Активные клиенты</Text5>
    <Text6>Женщины</Text6>
    <Text7>Мужчины</Text7>
    <Text9>Доля женщин</Text9>
    <Text8>Неиз. пол</Text8>
    <Text12>Валюта</Text12>
    <Text11>ИТОГО</Text11>
    <Text10>ИТОГО</Text10>
  </By_District>
  <By_Loan_Officer>
    <Text1>Кред. спец.</Text1>
    <Text2>Итого КП</Text2>
    <Text3>КП женщин</Text3>
    <Text4>Доля женщин</Text4>
    <Text5>Активные клиенты</Text5>
    <Text6>Женщин</Text6>
    <Text7>Мужчин</Text7>
    <Text9>Доля женщин</Text9>
    <Text8>Неиз. пол</Text8>
    <Text12>Валюта</Text12>
    <Text11>ИТОГО</Text11>
    <Text10>ИТОГО</Text10>
  </By_Loan_Officer>
  <By_Product>
    <Text1>Продукт</Text1>
    <Text2>Итого КП</Text2>
    <Text3>КП женщин</Text3>
    <Text4>Доля женщин</Text4>
    <Text5>Активные клиенты</Text5>
    <Text6>Женщины</Text6>
    <Text7>Мужчины</Text7>
    <Text9>Доля женщин</Text9>
    <Text8>Неиз. пол</Text8>
    <Text12>Валюта</Text12>
    <Text11>ИТОГО</Text11>
    <Text10>ИТОГО</Text10>
  </By_Product>
</label>
