﻿<?xml version='1.0' encoding='UTF-8'?>
<label>
  <MAIN_REPORT>
    <Text4>Dados do Relatório QUALIDADE</Text4>
    <Text2>Dados relatório de qualidade</Text2>
  </MAIN_REPORT>
  <ContractWithoutLoanOfficer>
    <Text3>nome do cliente</Text3>
    <Text2>código dos Contratos</Text2>
    <Text4>Contratos com empréstimo oficial</Text4>
    <Text5>ID de contrato</Text5>
  </ContractWithoutLoanOfficer>
  <EstablishmentDate>
    <Text1>ID de contrato</Text1>
    <Text2>código dos Contratos</Text2>
    <Text3>nome do grupo</Text3>
    <Text4>oficial de empréstimo</Text4>
    <Text5>data</Text5>
    <Text7>Grupo sem data de criação</Text7>
  </EstablishmentDate>
  <Eventdate>
    <Text8>Data do evento que são mais recentes do que hoje</Text8>
    <Text1>código dos Contratos</Text1>
    <Text2>tipo de evento</Text2>
    <Text3>tipo de evento</Text3>
  </Eventdate>
  <GroupMembers>
    <Text5>Empréstimos ativos do grupo com nenhum membro</Text5>
    <Text4>contratos com nenhum membro</Text4>
    <Text1>código dos Contratos</Text1>
  </GroupMembers>
  <GroupMembersOld>
    <Text1>código dos Contratos</Text1>
    <Text5>Inativos empréstimos em grupo com nenhum membro</Text5>
    <Text4>contratos fechados com nenhum membro</Text4>
  </GroupMembersOld>
  <LoanOfficerDeleted>
    <Text1>ID de contrato</Text1>
    <Text2>código dos Contratos</Text2>
    <Text4>oficial de empréstimo</Text4>
    <Text5> Olb</Text5>
  </LoanOfficerDeleted>
  <LoanShareAmountClosed.rpt>
    <Text3>quantidade</Text3>
    <Text2>Total de ações</Text2>
    <Text1>código dos Contratos</Text1>
    <Text5>Empréstimos ações do Grupo</Text5>
    <Text4>contratos com composição acionária errado</Text4>
  </LoanShareAmountClosed.rpt>
  <NullLoanShareAmount>
    <Text1>ID de contrato</Text1>
    <Text2>código dos Contratos</Text2>
    <Text3>nome do grupo</Text3>
    <Text4>nome do cliente</Text4>
    <Text5>oficial de empréstimo</Text5>
    <Text6>Clientes com valor nulo empréstimo participação no grupo</Text6>
  </NullLoanShareAmount>
  <OLBDiscrepancy>
    <Text8>Empréstimos que têm OLB incorreto</Text8>
    <Text1>código dos Contratos</Text1>
    <Text3>OLB calculado com a função activeloans</Text3>
    <Text4> credit.amount - sum(repayments.paid_principal)</Text4>
    <Text5> credit.amout -sum(installments.paid_principal)</Text5>
  </OLBDiscrepancy>
  <SameContractCode>
    <Text1>código dos Contratos</Text1>
    <Text2>nome do cliente</Text2>
    <Text3>oficial de empréstimo</Text3>
    <Text4>Código dos Contratos usado em mais de um contrato</Text4>
  </SameContractCode>
  <WeirdContracts>
    <Text1>Contratos estranhos</Text1>
    <Text2>cliente</Text2>
    <Text3>código dos Contratos</Text3>
    <Text4>fechado</Text4>
    <Text5> OLB</Text5>
    <Text6>oficial de empréstimo</Text6>
  </WeirdContracts>
</label>