﻿<?xml version="1.0" encoding="utf-8"?>
<report order="115">
    <title>Data Quality</title>
    <description><![CDATA[This report displays probable human mistakes/errors detected in the database.]]></description>
	
	<localized lang="fr">
	    <title>Qualité des données</title>
		<description><![CDATA[Rapport de maintenance permettant de détecter d'éventuelles erreurs dans la base de données: contrats dupliqués ou avec des montants incorrects, groupes actifs sans membres, contrats sans agents de crédit...]]></description>
	</localized>

	<localized lang="ru-RU">
	    <title>Качество данных</title>
		<description><![CDATA[Отчет отображает вероятно допущенные ошибки / несоответствия, обнаруженные в базе данных]]></description>
	</localized>

 <localized lang="pt">
 <title>Qualidade dos Dados</title>
    <description><![CDATA[Este relatório exibe prováveis ​​erros humanos / erros detectados no banco de dados.]]></description>
 </localized>

</report>
