﻿<?xml version='1.0' encoding='UTF-8'?>
<label>
  <MAIN_REPORT>
    <Text1>Transfert de portefeuilles</Text1>
    <Text15>PAR en %</Text15>
    <Text16>KRD</Text16>
    <Text17>Volume du PAR</Text17>
    <Text18>Clients</Text18>
    <Text19>Contrats</Text19>
    <Text21>Entrant</Text21>
    <Text26>Sortant</Text26>
    <Text33>Réel</Text33>
    <Text39>Bonus</Text39>
    <Text3>TOTAL</Text3>
    <Text4>Entrant</Text4>
    <Text5>Sortant</Text5>
    <Text6>Réel</Text6>
    <Text7>Bonus</Text7>
    <Text8>Encours</Text8>
    <Text9>PAR  en %</Text9>
    <Text10>PAR volume</Text10>
    <Text11>Clients</Text11>
    <Text12>Contrats</Text12>
  </MAIN_REPORT>
</label>