﻿<?xml version="1.0" encoding="utf-8"?>
<report order="120">
    <title>Portfolio transfer</title>
    <description><![CDATA[Data on transferred portfolio.]]></description>
    <param name="date" label="Date" type="date"/>
    <param name="period" label="Period" type="query">SELECT 30,30 UNION ALL SELECT 60, 60 UNION ALL SELEcT 90, 90</param>
    <param name="disbursed_in" label="Disbursed in" type="query" hideIfRows="2"><![CDATA[SELECT 0, 'ALL' UNION ALL SELECT id, name FROM dbo.Currencies]]></param>
    <param name="display_in" label="Display in" type="query" hideIfRows="1"><![CDATA[SELECT id, name FROM dbo.Currencies]]></param>

    <localized lang="ru-RU">
    <title>Перевод портфеля</title>
    <description><![CDATA[Информация по портелю переведенному с одного кредитного специалиста на другого.]]></description>
    <param name="date" label="Дата" type="date"/>
    <param name="period" label="Период" type="query">SELECT 30,30 UNION ALL SELECT 60, 60 UNION ALL SELEcT 90, 90</param>
    <param name="disbursed_in" label="Выдан в " type="query" hideIfRows="2"><![CDATA[SELECT 0, 'ALL' UNION ALL SELECT id, name FROM dbo.Currencies]]></param>
    <param name="display_in" label="Отображать в" type="query" hideIfRows="1"><![CDATA[SELECT id, name FROM dbo.Currencies]]></param>
    </localized>

    <localized lang="fr">
    <title>Transfert de portefeuilles</title>
    <description><![CDATA[Statistiques sur les portefeuilles transférés d'un agent de crédit à un autre. Pour chaque agent de crédit, transfert entrant, sortant, montant du portefeuille et bonus.]]></description>
    <param name="date" label="Date" type="date"/>
    <param name="period" label="Période" type="query">SELECT 30,30 UNION ALL SELECT 60, 60 UNION ALL SELEcT 90, 90</param>
    <param name="disbursed_in" label="Déboursé en" type="query" hideIfRows="2"><![CDATA[SELECT 0, 'ALL' UNION ALL SELECT id, name FROM dbo.Currencies]]></param>
    <param name="display_in" label="Affiché en" type="query" hideIfRows="1"><![CDATA[SELECT id, name FROM dbo.Currencies]]></param>
    </localized>


 <localized lang="pt">
    <title>transferência de carteira</title>
    <description><![CDATA[Os dados sobre a carteira transferida.]]></description>
    <param name="date" label="data" type="date"/>
    <param name="period" label="período" type="query">SELECT 30,30 UNION ALL SELECT 60, 60 UNION ALL SELEcT 90, 90</param>
    <param name="disbursed_in" label="desembolsados ​​em" type="query" hideIfRows="2"><![CDATA[SELECT 0, 'ALL' UNION ALL SELECT id, name FROM dbo.Currencies]]></param>
   <param name="display_in" label="Exibição em" type="query" hideIfRows="1"><![CDATA[SELECT id, name FROM dbo.Currencies]]></param>
 </localized>

	
</report>
