﻿<?xml version='1.0' encoding='UTF-8'?>
<label>
  <MAIN_REPORT>
    <fn_footer>"Déboursements par activité " + CStr({?start_date}, "dd.MM.yyyy") + " — " + 
CStr({?end_date}, "dd.MM.yyyy") + " • " +
Iif({?disbursed_in_name} = {?display_in_name}, {?disbursed_in_name}, {?disbursed_in_name} + " → " + {?display_in_name}) + " • " +
{?USER_NAME} + " • " + {?BRANCH_NAME}</fn_footer>
    <fn_subtotal>"Sous-total — " + {Rep_Disbursements_per_Activity.activity}</fn_subtotal>
    <Text16>Déboursements par type d'activité</Text16>
    <Text4>Montant</Text4>
    <Text5>Date</Text5>
    <Text6>Agent de crédit</Text6>
    <Text3>Commissions</Text3>
    <Text2>Code du contrat</Text2>
    <Text10>Localité</Text10>
    <Text9>Produit de crédit</Text9>
    <Text8>Client</Text8>
    <Text7>Cycle</Text7>
    <Text11>Intérêt</Text11>
    <Text1>Total</Text1>
  </MAIN_REPORT>
</label>