﻿<?xml version='1.0' encoding='UTF-8'?>
<label>
  <MAIN_REPORT>
    <fn_footer>"Анализ портфеля в риске • " + CStr({?date}, "dd.MM.yyyy") + " • " + 
Iif({?disbursed_in_name} = {?display_in_name}, {?disbursed_in_name}, {?disbursed_in_name} + " → " + {?display_in_name}) + " • " +
{?subordinate_id_name} + " • " + {?branch_id_name}</fn_footer>
    <Text1>Анализ портфеля в риске</Text1>
  </MAIN_REPORT>
  <Rep_PAR_by_Activity.rpt>
    <fn_break_down_title>"Вид деятельности"</fn_break_down_title>
    <Text51>РИСК 30</Text51>
    <Text47>РИСК 1-30</Text47>
    <Text43>РИСК 31-60</Text43>
    <Text39>РИСК 61-90</Text39>
    <Text35>РИСК 91-180</Text35>
    <Text27>РИСК 181-365</Text27>
    <Text26>РИСК 365</Text26>
    <Text5>КП</Text5>
    <Text7>РИСК30/КП</Text7>
    <Text9>РИСК/КП</Text9>
    <Text10>РИСК</Text10>
    <Text29>Клиенты</Text29>
    <Text30>Контракты</Text30>
    <Text2>ИТОГО</Text2>
    <Text3>Клиенты</Text3>
    <Text4>Контракты</Text4>
  </Rep_PAR_by_Activity.rpt>
  <Rep_PAR_by_Branch.rpt>
    <fn_break_down_title>"Филиал"</fn_break_down_title>
    <Text10>РИСК</Text10>
    <Text51>РИСК 30</Text51>
    <Text47>РИСК 1-30</Text47>
    <Text43>РИСК 31-60</Text43>
    <Text39>РИСК 61-90</Text39>
    <Text35>РИСК 91-180</Text35>
    <Text27>РИСК 181-365</Text27>
    <Text26>РИСК 365</Text26>
    <Text5>КП</Text5>
    <Text7>РИСК30/КП</Text7>
    <Text9>РИСК/КП</Text9>
    <Text29>Клиенты</Text29>
    <Text30>Контракты</Text30>
    <Text2>ИТОГО</Text2>
    <Text3>Клиенты</Text3>
    <Text4>Контракты</Text4>
  </Rep_PAR_by_Branch.rpt>
  <Rep_PAR_by_District.rpt>
    <fn_break_down_title>"Район"</fn_break_down_title>
    <Text51>РИСК 30</Text51>
    <Text47>РИСК 1-30</Text47>
    <Text43>РИСК 31-60</Text43>
    <Text39>РИСК 61-90</Text39>
    <Text35>РИСК 91-180</Text35>
    <Text27>РИСК 181-365</Text27>
    <Text26>РИСК 365</Text26>
    <Text5>КП</Text5>
    <Text7>РИСК30/КП</Text7>
    <Text9>РИСК/КП</Text9>
    <Text10>РИСК</Text10>
    <Text29>Клиенты</Text29>
    <Text30>Контракты</Text30>
    <Text2>ИТОГО</Text2>
    <Text3>Клиенты</Text3>
    <Text4>Контракты</Text4>
  </Rep_PAR_by_District.rpt>
  <Rep_PAR_by_Loan_Officer.rpt>
    <fn_break_down_title>"Кредитный специалист"</fn_break_down_title>
    <Text51>РИСК 30</Text51>
    <Text47>РИСК 1-30</Text47>
    <Text43>РИСК 31-60</Text43>
    <Text39>РИСК 61-90</Text39>
    <Text35>РИСК 91-180</Text35>
    <Text27>РИСК 181-365</Text27>
    <Text26>РИСК 365</Text26>
    <Text5>КП</Text5>
    <Text7>РИСК30/КП</Text7>
    <Text9>РИСК/КП</Text9>
    <Text10>РИСК</Text10>
    <Text29>Клиенты</Text29>
    <Text30>Контракты</Text30>
    <Text2>ИТОГО</Text2>
    <Text3>Клиенты</Text3>
    <Text4>Контракты</Text4>
  </Rep_PAR_by_Loan_Officer.rpt>
  <Rep_PAR_by_Product.rpt>
    <fn_break_down_title>"Продукт"</fn_break_down_title>
    <Text51>РИСК 30</Text51>
    <Text47>РИСК 1-30</Text47>
    <Text43>РИСК 31-60</Text43>
    <Text39>РИСК 61-90</Text39>
    <Text35>РИСК 91-180</Text35>
    <Text27>РИСК 181-365</Text27>
    <Text26>РИСК 365</Text26>
    <Text5>КП</Text5>
    <Text7>РИСК30/КП</Text7>
    <Text9>РИСК/КП</Text9>
    <Text10>РИСК</Text10>
    <Text29>Клиенты</Text29>
    <Text30>Контракты</Text30>
    <Text2>ИТОГО</Text2>
    <Text3>Клиенты</Text3>
    <Text4>Контракты</Text4>
  </Rep_PAR_by_Product.rpt>
</label>