﻿<?xml version='1.0' encoding='UTF-8'?>
<label>
  <MAIN_REPORT>
    <fn_footer>"Cash book report • " +{?USER_NAME} + " • " + {?BRANCH_NAME}</fn_footer>
    <Text16>Отчет по кассовой книге</Text16>
    <Text1>Дата события</Text1>
    <Text2>Тип события</Text2>
    <Text3>Сумма</Text3>
    <Text4>Код контракта</Text4>
    <Text5>Имя клиента</Text5>
    <Text6>Имя пользователя:</Text6>
    <Text9>Промежуточный итог:</Text9>
    <Text8>Имя кассира:</Text8>
    <Text10>Подпись:</Text10>
    <Text11>Имя менеджера: ____________________</Text11>
    <Text12>Подпись:</Text12>
    <Text7>Общий итог:</Text7>
  </MAIN_REPORT>
</label>