﻿<?xml version='1.0' encoding='UTF-8'?>
<label>
  <MAIN_REPORT>
    <fn_footer>"Relatório do livro de Caixa• " +{?USER_NAME} + " • " + {?BRANCH_NAME}</fn_footer>
    <Text16>Relatório do livro de Caixa</Text16>
    <Text1>data do evento</Text1>
    <Text2>Tipo de evento</Text2>
    <Text3>quantidade</Text3>
    <Text4>código dos Contratos</Text4>
    <Text5>nome do cliente</Text5>
    <Text6>Nome de usuário:</Text6>
    <Text9>Sub total:</Text9>
    <Text8>Nome da Caixa:</Text8>
    <Text10>assinatura:</Text10>
    <Text11>Nome do gerente: ____________________</Text11>
    <Text12>assinatura:</Text12>
    <Text7>Grand total:</Text7>
  </MAIN_REPORT>
</label>