<?xml version="1.0" encoding="utf-8"?>
<report order="0" attachmentPoint="SavingsDeposit" visibility="All">
	<guid>413e1bf8-9b38-4625-85a1-bb8eb961e5f4</guid>
    <title>Saving agreement</title>
    <description><![CDATA[Saving agreement.]]></description>
    <params>
        <param name="saving_id" label="Saving ID" type="int"/>
    </params>


   <localized lang="pt">
   <title>salvando acordo</title>
    <description><![CDATA[salvando acordo.]]></description>
    <params>
        <param name="saving_id" label="salvando o ID" type="int"/>
    </params>
   </localized>


</report>
