﻿<?xml version='1.0' encoding='UTF-8'?>
<label>
  <MAIN_REPORT>
    <Text1>Comissão de Avaliação</Text1>
    <Text4>garantia Decisão : {Rep_Committee_Appraisal.contract_status}</Text4>
    <Text5>Garantir Data Comitê : {Rep_Committee_Appraisal.guarantee_commitee_date}</Text5>
    <Text6>Nome do Cliente : {Rep_Committee_Appraisal.client_name}</Text6>
    <Text7>Endereço do cliente : {Rep_Committee_Appraisal.client_address}</Text7>
    <Text8>cidade : {Rep_Committee_Appraisal.client_city}</Text8>
    <Text9>distrito : {Rep_Committee_Appraisal.client_district}</Text9>
    <Text10>Código dos Contratos : {Rep_Committee_Appraisal.contract_code}</Text10>
    <Text11>honorários : {Rep_Committee_Appraisal.guarantee_fees}</Text11>
    <Text12>Informações do Cliente</Text12>
    <Text13>Informações de Garantia</Text13>
    <Text15>valor da garantia : {Rep_Committee_Appraisal.guarantee_amount}</Text15>
    <Text16>valor Garantido : {Rep_Committee_Appraisal.amount_guaranted}</Text16>
    <Text18>Garantia Comentários Comitê :{Rep_Committee_Appraisal.guarantee_commitee_comment}</Text18>
    <Text19>oficial de empréstimo : {Rep_Committee_Appraisal.loan_officer}</Text19>
    <Text21>moeda : {Rep_Committee_Appraisal.currency}</Text21>
    <Text22>Garantia Comité do Código : {Rep_Committee_Appraisal.guarantee_commitee_code}</Text22>
    <Text23> produto : {Rep_Committee_Appraisal.guarantee_product}</Text23>
    <Text24>Comitê de Crédito Informações</Text24>
    <Text2>garantir : {Rep_Committee_Appraisal.guarantee}</Text2>
  </MAIN_REPORT>
</label>