﻿<?xml version='1.0' encoding='UTF-8'?>
<label>
  <MAIN_REPORT>
    <fn_title>"Provision pour créances douteuses"</fn_title>
    <fn_category>If {Rep_LoanLossProvision.categorie} = "Rescheduled" Then
    "Rescheduled"
Else
    {Rep_LoanLossProvision.categorie}</fn_category>
    <Text3>Provision en %</Text3>
    <Text4>Début du KRD</Text4>
    <Text5>Fin du KRD</Text5>
    <Text6>Début de la provision</Text6>
    <Text7>Fin de la provision</Text7>
    <Text8>Différence de provision</Text8>
    <Text1>Catégorie</Text1>
    <Text2>Total:</Text2>
  </MAIN_REPORT>
</label>