<?xml version="1.0" encoding="utf-8"?>
<report order="0" attachmentPoint="SavingsCompulsory" visibility="All">
	<guid>052ab95e-6e0e-429d-aef2-a00f19db2c1e</guid>
    <title>Contract status</title>
    <description><![CDATA[Contract status.]]></description>
    <params>
        <param name="saving_id" label="Saving ID" type="int"/>
    </params>

   <localized lang="pt">
    <title>status de contrato</title>
    <description><![CDATA[status de contrato.]]></description>
    <params>
        <param name="saving_id" label="salvando o ID" type="int"/>
    </params>

   </localized>

</report>
