﻿<?xml version="1.0" encoding="utf-8"?>
<report order="11" attachmentPoint="VillageDetails" visibility="NonSolidaryGroup">	
    <title>Village Individual loan agreement</title>
    <description><![CDATA[Village Individual loan agreement.]]></description>
    <params>
        <param name="village_id" label="Village" type="query" hideIfRows="0"><![CDATA[SELECT id, name FROM dbo.Villages]]></param>
		<param name="disb_date" label="Disbursement date" type="date" additional="true"/>		
    </params>
	
	<localized lang="ru-RU">
			<title>Индивидуальный кредитный договор</title>
			<description><![CDATA[Индивидуальный кредитный договор.]]></description>
			<params>
				<param name="village_id" label="Village" type="query" hideIfRows="0"><![CDATA[SELECT id, name FROM dbo.Villages]]></param>
				<param name="disb_date" label="Disbursement date" type="date" additional="true"/>		
			</params>
	</localized>	
		
	<localized lang="fr">
			<title>Attestation de prêt individuel</title>
			<description><![CDATA[Attestation de prêt individuel.]]></description>
			<params>
				<param name="village_id" label="Village" type="query" hideIfRows="0"><![CDATA[SELECT id, name FROM dbo.Villages]]></param>
				<param name="disb_date" label="Disbursement date" type="date" additional="true"/>		
			</params>
	</localized>

 <localized lang="pt">
    <title>Grupo contrato de empréstimo individual</title>
    <description><![CDATA[Grupo contrato de empréstimo individual.]]></description>
    <params>
        <param name="village_id" label="grupo" type="query" hideIfRows="0"><![CDATA[SELECT id, name FROM dbo.Villages]]></param>
		<param name="disb_date" label="data de desembolso" type="date" additional="true"/>		
    </params>
 </localized>
 
</report>
