﻿<?xml version='1.0' encoding='UTF-8'?>
<label>
  <MAIN_REPORT>
    <fn_footer>"Crédits actifs • " + CStr({?date}, "dd.MM.yyyy") + " • " + 
Iif({?disbursed_in_name} = {?display_in_name}, {?disbursed_in_name}, {?disbursed_in_name} + " → " + {?display_in_name}) + " • " +
{?USER_NAME} + " • " + {?BRANCH_NAME}</fn_footer>
    <Text1>Statistiques par genre</Text1>
    <Text2>Nom de l'institution   ______________________________________</Text2>
    <Text3>Date du rapport            Date d'impression</Text3>
    <Text5>Crédit aux hommes</Text5>
    <Text6>Crédit aux femmes</Text6>
    <Text7>Total des crédits</Text7>
    <Text8>Nombre de crédits H</Text8>
    <Text9>Nombre de crédits F</Text9>
    <Text10>Total des crédits</Text10>
    <Text4>Secteur économique</Text4>
    <Text11>Total</Text11>
  </MAIN_REPORT>
</label>