﻿<?xml version='1.0' encoding='UTF-8'?>
<label>
  <MAIN_REPORT>
    <fn_title>"Prêts perdus par agent de crédit"</fn_title>
    <Text13>Code du contrat</Text13>
    <Text14>Date du début</Text14>
    <Text18>Date de fin</Text18>
    <Text20>Date de radiation</Text20>
    <Text21>Principal en perte</Text21>
    <Text23>Montant déboursé</Text23>
    <Text25>Remboursements supplémentaires</Text25>
    <Text26>Principal</Text26>
    <Text27>Intérêts</Text27>
    <Text28>Commissions</Text28>
    <Text5>Nom de la branche</Text5>
    <Text17>Total</Text17>
  </MAIN_REPORT>
</label>