﻿<?xml version='1.0' encoding='UTF-8'?>
<label>
  <MAIN_REPORT>
    <fn_title>"Amortizados empréstimos por oficial de empréstimo"</fn_title>
    <Text13>código dos Contratos</Text13>
    <Text14>data de início</Text14>
    <Text18>feche data</Text18>
    <Text20>Anulação data</Text20>
    <Text21>Principal baixados</Text21>
    <Text23>montante desembolsado</Text23>
    <Text25>Outros reembolsos</Text25>
    <Text26> Principal</Text26>
    <Text27>interesse</Text27>
    <Text28>honorários</Text28>
    <Text19>Total</Text19>
  </MAIN_REPORT>
</label>
