﻿<?xml version='1.0' encoding='UTF-8'?>
<label>
  <MAIN_REPORT>
    <fn_total_group>UpperCase("Total " + {Rep_Trial_Balance.category_name})</fn_total_group>
    <fn_footer>"Balance générale • " + CStr({?from}, "dd.MM.yyyy") + " — " + CStr({?to}, "dd.MM.yyyy") + " • " + 
Iif({?disbursed_in_name} = {?display_in_name}, {?disbursed_in_name}, {?disbursed_in_name} + " → " + {?display_in_name}) + " • " +
{?USER_NAME}</fn_footer>
    <Text16>Balance générale</Text16>
    <Text2>Compte</Text2>
    <Text8>Libellé du compte</Text8>
    <Text9>Solde du début</Text9>
    <Text10>Débit</Text10>
    <Text11>Crédit</Text11>
    <Text12>Solde de fin</Text12>
  </MAIN_REPORT>
</label>