﻿<?xml version='1.0' encoding='UTF-8'?>
<label>
  <MAIN_REPORT>
    <fn_total_group>UpperCase("Итого " + {Rep_Trial_Balance.category_name})</fn_total_group>
    <fn_footer>"Пробный баланс • " + CStr({?from}, "dd.MM.yyyy") + " — " + CStr({?to}, "dd.MM.yyyy") + " • " + 
Iif({?disbursed_in_name} = {?display_in_name}, {?disbursed_in_name}, {?disbursed_in_name} + " → " + {?display_in_name}) + " • " +
{?USER_NAME}</fn_footer>
    <Text16>Пробный баланс</Text16>
    <Text2>Название</Text2>
    <Text8>Номер счёта</Text8>
    <Text9>Баланс на начало</Text9>
    <Text10>Дебет</Text10>
    <Text11>Кредит</Text11>
    <Text12>Баланс на конец</Text12>
  </MAIN_REPORT>
</label>