﻿<?xml version="1.0" encoding="utf-8"?>
<report order="300">
    <title>Trial balance</title>
    <description><![CDATA[Trial balance.]]></description>
    <param name= "from" label="From" type="date" default="bom"/>
    <param name= "to" label="To" type="date" default="eom"/>
	<param name="disbursed_in" label="Disbursed in" type="query" hideIfRow="2"><![CDATA[SELECT 0, 'All currencies' UNION ALL SELECT id, name FROM dbo.Currencies]]></param>
    <param name="display_in" label="Display in" type="query" hideIfRow="1"><![CDATA[SELECT id, name FROM dbo.Currencies]]></param>
	<param name="branch_id" label="Branch" type="query" hideIfRow="2"><![CDATA[
		SELECT 0, 'All branches'
		UNION ALL
		SELECT DISTINCT id, name
		FROM dbo.Branches b
		INNER JOIN dbo.UsersBranches ub ON ub.branch_id = b.id
		WHERE ub.user_id = {USER_ID}
	]]></param>
	<param name="aggregate" label="Aggregate at parent level" type="bool"/>

    <localized lang="ru-RU">
    <title>Пробный баланс</title>
    <description><![CDATA[Пробный баланс.]]></description>
	<param name="from" label="С" type="date" default="bom"/>
	<param name="to" label="По" type="date" default="eom"/>
	<param name="disbursed_in" label="Выдачи в" type="query" hideIfRows="2"><![CDATA[SELECT 0, N'Все' UNION ALL SELECT id, name FROM dbo.Currencies]]></param>
	<param name="display_in" label="Показывать в" type="query" hideIfRows="1"><![CDATA[SELECT id, name FROM dbo.Currencies]]></param>
	<param name="branch_id" label="Филиал" type="query" hideIfRow="2"><![CDATA[
		SELECT 0, N'Все филиалы'
		UNION ALL
		SELECT DISTINCT id, name
		FROM dbo.Branches b
		INNER JOIN dbo.UsersBranches ub ON ub.branch_id = b.id
		WHERE ub.user_id = {USER_ID}
	]]></param>
	<param name="aggregate" label="Суммировать на родительском уровне" type="bool"/>
    </localized>

    <localized lang="fr">
    <title>Balance générale</title>
    <description><![CDATA[Balance générale.]]></description>
	<param name="from" label="Date de début" type="date" default="bom"/>
	<param name="to" label="Date de fin" type="date" default="eom"/>
	<param name="disbursed_in" label="Déboursés en" type="query" hideIfRows="2"><![CDATA[SELECT 0, 'All currencies' UNION ALL SELECT id, name FROM dbo.Currencies]]></param>
	<param name="display_in" label="Affichés en" type="query" hideIfRows="1"><![CDATA[SELECT id, name FROM dbo.Currencies]]></param>
	<param name="branch_id" label="Branche" type="query" hideIfRow="2"><![CDATA[
		SELECT 0, 'Toutes les branches'
		UNION ALL
		SELECT DISTINCT id, name
		FROM dbo.Branches b
		INNER JOIN dbo.UsersBranches ub ON ub.branch_id = b.id
		WHERE ub.user_id = {USER_ID}
	]]></param>
	<param name="aggregate" label="Agréger les comptes" type="bool"/>
    </localized>

 <localized lang="pt">
    <title>balancete</title>
    <description><![CDATA[balancete.]]></description>
    <param name= "from" label="de" type="date" default="bom"/>
    <param name= "to" label="Para" type="date" default="eom"/>
	<param name="disbursed_in" label="desembolsados ​​em" type="query" hideIfRow="2"><![CDATA[SELECT 0, 'All currencies' UNION ALL SELECT id, name FROM dbo.Currencies]]></param>
    <param name="display_in" label="Exibição em" type="query" hideIfRow="1"><![CDATA[SELECT id, name FROM dbo.Currencies]]></param>
	<param name="branch_id" label="braço" type="query" hideIfRow="2"><![CDATA[
		SELECT 0, 'All branches'
		UNION ALL
		SELECT DISTINCT id, name
		FROM dbo.Branches b
		INNER JOIN dbo.UsersBranches ub ON ub.branch_id = b.id
		WHERE ub.user_id = {USER_ID}
	]]></param>
	<param name="aggregate" label="Agregada a nível dos pais" type="bool"/>

 </localized>
 
	<tags>
		<tag><![CDATA[Accounting]]></tag>
	</tags>
	
	<localized lang="ru-RU">
		<tags>
			<tag><![CDATA[Бухгалтерия]]></tag>
		</tags>	
	</localized>
	
	<localized lang="fr">
		<tags>
			<tag><![CDATA[Comptabilité]]></tag>
		</tags>	
	</localized>
	
</report>
