﻿<?xml version='1.0' encoding='UTF-8'?>
<label>
  <MAIN_REPORT>
    <fn_footer>"Déboursements et remboursements " + CStr({?@beginDate}, "dd.MM.yyyy") + " — " + CStr({?@endDate}, "dd.MM.yyyy") + " • " + 
Iif({?disbursed_in_name} = {?display_in_name}, {?disbursed_in_name}, {?disbursed_in_name} + " → " + {?display_in_name}) + " • " +
{?USER_NAME} + " • " + {?BRANCH_NAME}</fn_footer>
    <Text3>Déboursements et remboursements</Text3>
  </MAIN_REPORT>
  <ByBranch.rpt>
    <Text22>Prépayés</Text22>
    <Text21>Retards</Text21>
    <Text7>Prévus</Text7>
    <Text6>Actuels</Text6>
    <Text1>Nom de la branche</Text1>
    <Text4>Intérêt remboursé</Text4>
    <Text10>Principal remboursé</Text10>
    <Text8>Déboursements</Text8>
    <Text36>Croissance du portefeuille</Text36>
    <Text37>Intérêt remboursé</Text37>
    <Text38>Principal remboursé</Text38>
    <Text39>Déboursements</Text39>
    <Text40>Total</Text40>
    <Text41>Prépayés</Text41>
    <Text42>Retards</Text42>
    <Text43>Prévus</Text43>
    <Text44>Actuels</Text44>
  </ByBranch.rpt>
  <ByDistrict.rpt>
    <Text7>Prévus</Text7>
    <Text6>Actuels</Text6>
    <Text22>Prépayés</Text22>
    <Text21>Retards</Text21>
    <Text1>Localité</Text1>
    <Text8>Déboursements</Text8>
    <Text10>Principal remboursé</Text10>
    <Text4>Intérêt remboursé</Text4>
    <Text40>Total</Text40>
    <Text36>Croissance du portefeuille</Text36>
    <Text37>Intérêt remboursé</Text37>
    <Text38>Principal remboursé</Text38>
    <Text39>Déboursements</Text39>
    <Text41>Prépayés</Text41>
    <Text42>Retards</Text42>
    <Text43>Prévus</Text43>
    <Text44>Actuels</Text44>
  </ByDistrict.rpt>
  <ByLoanOfficer>
    <Text7>Prévus</Text7>
    <Text6>Actuels</Text6>
    <Text22>Prépayés</Text22>
    <Text21>Retards</Text21>
    <Text1>Agent de crédit</Text1>
    <Text8>Déboursements</Text8>
    <Text10>Principal remboursé</Text10>
    <Text4>Intérêt remboursé</Text4>
    <Text40>Total</Text40>
    <Text36>Croissance du portefeuille</Text36>
    <Text37>Intérêt remboursé</Text37>
    <Text38>Principal remboursé</Text38>
    <Text39>Déboursements</Text39>
    <Text41>Prépayés</Text41>
    <Text42>Retards</Text42>
    <Text43>Prévus</Text43>
    <Text44>Actuels</Text44>
  </ByLoanOfficer>
  <ByProduct.rpt>
    <Text7>Prévus</Text7>
    <Text6>Actuels</Text6>
    <Text22>Prépayés</Text22>
    <Text21>Retards</Text21>
    <Text1>Produit de crédit</Text1>
    <Text8>Déboursements</Text8>
    <Text10>Principal remboursé</Text10>
    <Text4>Intérêt remboursé</Text4>
    <Text40>Total</Text40>
    <Text36>Croissance du portefeuille</Text36>
    <Text37>Intérêt remboursé</Text37>
    <Text38>Principal remboursé</Text38>
    <Text39>Déboursements</Text39>
    <Text41>Prépayés</Text41>
    <Text42>Retards</Text42>
    <Text43>Prévus</Text43>
    <Text44>Actuels</Text44>
  </ByProduct.rpt>
</label>