﻿<?xml version='1.0' encoding='UTF-8'?>
<label>
  <MAIN_REPORT>
    <fn_footer>"Os desembolsos e reembolsos • " + CStr({?@beginDate}, "dd.MM.yyyy") + " — " + CStr({?@endDate}, "dd.MM.yyyy") + " • " + 
Iif({?disbursed_in_name} = {?display_in_name}, {?disbursed_in_name}, {?disbursed_in_name} + " → " + {?display_in_name}) + " • " +
{?USER_NAME} + " • " + {?BRANCH_NAME}</fn_footer>
    <Text3>Os desembolsos e reembolsos</Text3>
  </MAIN_REPORT>
  <ByDistrict.rpt>
    <Text7>planejado</Text7>
    <Text6>atual</Text6>
    <Text22>Pré-pago</Text22>
    <Text21>vencido</Text21>
    <Text1>distrito</Text1>
    <Text8>desembolsos</Text8>
    <Text10>reembolsados ​​principais</Text10>
    <Text4>reembolsados ​​interesse</Text4>
    <Text40>TOTAL</Text40>
    <Text36>crescimento da carteira</Text36>
    <Text37>reembolsados ​​interesse</Text37>
    <Text38>reembolsados ​​principais</Text38>
    <Text39>desembolsos</Text39>
    <Text41>PRÉ-PAGO</Text41>
    <Text42>VENCIDO</Text42>
    <Text43>PLANEJADO</Text43>
    <Text44>ATUAL</Text44>
  </ByDistrict.rpt>
  <ByLoanOfficer>
    <Text7>planejado</Text7>
    <Text6>atual</Text6>
    <Text22>Pré-pago</Text22>
    <Text21>vencido</Text21>
    <Text1>oficial de empréstimo</Text1>
    <Text8>desembolsos</Text8>
    <Text10>reembolsados ​​principais</Text10>
    <Text4>reembolsados ​​interesse</Text4>
    <Text40>TOTAL</Text40>
    <Text36>crescimento da carteira</Text36>
    <Text37>reembolsados ​​interesse</Text37>
    <Text38>reembolsados ​​principais</Text38>
    <Text39>desembolsos</Text39>
    <Text41>PRÉ-PAGO</Text41>
    <Text42>VENCIDO</Text42>
    <Text43>PLANEJADO</Text43>
    <Text44>ATUAL</Text44>
  </ByLoanOfficer>
  <ByProduct.rpt>
    <Text7>planejado</Text7>
    <Text6>atual</Text6>
    <Text22>Pré-pago</Text22>
    <Text21>vencido</Text21>
    <Text1>produto de empréstimo</Text1>
    <Text8>desembolsos</Text8>
    <Text10>reembolsados ​​principais</Text10>
    <Text4>reembolsados ​​interesse</Text4>
    <Text40>TOTAL</Text40>
    <Text36>crescimento da carteira</Text36>
    <Text37>reembolsados ​​interesse</Text37>
    <Text38>reembolsados ​​principais</Text38>
    <Text39>desembolsos</Text39>
    <Text41>PRÉ-PAGO</Text41>
    <Text42>VENCIDO</Text42>
    <Text43>PLANEJADO</Text43>
    <Text44>ATUAL</Text44>
  </ByProduct.rpt>
</label>