﻿<?xml version="1.0" encoding="utf-8"?>
<report order="7">
    <title>Disbursements and reimbursements</title>
    <description><![CDATA[Aggregate report on disbursements and reimbursements taken place within a given period.]]></description>
    <param name="beginDate" label="From" type="date"/>
	<param name="endDate" label="To" type="date"/>
    <param name="disbursed_in" label="Disbursed in" type="query" hideIfRows="2"><![CDATA[SELECT 0, 'All currencies' UNION ALL SELECT id, name FROM dbo.Currencies]]></param>
    <param name="display_in" label="Display in" type="query" hideIfRows="1"><![CDATA[SELECT id, name FROM dbo.Currencies]]></param>
	<param name="branch_id" label="Branch" type="query" hideIfRows="2"><![CDATA[
			SELECT 0, 'All branches'
			UNION ALL
			SELECT DISTINCT id, name
			FROM dbo.Branches b
			INNER JOIN dbo.UsersBranches ub ON ub.branch_id = b.id
			WHERE ub.user_id = {USER_ID}
	]]></param>
	<param name="subordinate_id" label="Subordinate" type="query" hideIfRows="2"><![CDATA[
		SELECT 0, 'All subordinates'

		UNION ALL

		SELECT id, first_name + ' ' + last_name
		FROM dbo.Users
		WHERE id = {USER_ID}

		UNION ALL

		SELECT id, first_name + ' ' + last_name
		FROM dbo.Users
		WHERE id IN
		(
			SELECT subordinate_id 
			FROM dbo.UsersSubordinates
			WHERE user_id = {USER_ID}
		)]]>
	</param>

    <localized lang="ru-RU">
        <title>Выдачи и выплаты</title>
        <description><![CDATA[Сводный отчет по выдачам и выплатам за период.]]></description>
        <param name="beginDate" label="С" type="date"/>
        <param name="endDate" label="По" type="date"/>
        <param name="disbursed_in" label="Выдачи в" type="query" hideIfRows="2"><![CDATA[SELECT 0, N'Все валюты' UNION ALL SELECT id, name FROM dbo.Currencies]]></param>
        <param name="display_in" label="Показывать в" type="query" hideIfRows="1"><![CDATA[SELECT id, name FROM dbo.Currencies]]></param>
	<param name="branch_id" label="Филиал" type="query" hideIfRows="2"><![CDATA[
			SELECT 0, N'Все филиалы'
			UNION ALL
			SELECT DISTINCT id, name
			FROM dbo.Branches b
			INNER JOIN dbo.UsersBranches ub ON ub.branch_id = b.id
			WHERE ub.user_id = {USER_ID}
	]]></param>
		<param name="subordinate_id" label="Подчинённый" type="query" hideIfRows="2"><![CDATA[
		SELECT 0, N'Все подчинённые'

		UNION ALL

		SELECT id, first_name + ' ' + last_name
		FROM dbo.Users
		WHERE id = {USER_ID}

		UNION ALL

		SELECT id, first_name + ' ' + last_name
		FROM dbo.Users
		WHERE id IN
		(
			SELECT subordinate_id 
			FROM dbo.UsersSubordinates
			WHERE user_id = {USER_ID}
		)]]>
	</param>
    </localized>
	
	<localized lang="fr">
        <title>Déboursements et remboursements</title>
        <description><![CDATA[Statistiques sur les déboursements et remboursements sur une période donnée. Données aggrégées par localité, agent de crédit, produit de crédit. Remboursements prévisionnels, réels, en avance et en retard ]]></description>
        <param name="beginDate" label="Date de début" type="date"/>
        <param name="endDate" label="Date de fin" type="date"/>
        <param name="disbursed_in" label="Déboursé en" type="query" hideIfRows="2"><![CDATA[SELECT 0, N'Toutes les devises' UNION ALL SELECT id, name FROM dbo.Currencies]]></param>
        <param name="display_in" label="Affiché en" type="query" hideIfRows="1"><![CDATA[SELECT id, name FROM dbo.Currencies]]></param>
	<param name="branch_id" label="Branche" type="query" hideIfRows="2"><![CDATA[
			SELECT 0, N'Toutes les branches'
			UNION ALL
			SELECT DISTINCT id, name
			FROM dbo.Branches b
			INNER JOIN dbo.UsersBranches ub ON ub.branch_id = b.id
			WHERE ub.user_id = {USER_ID}
	]]></param>
		<param name="subordinate_id" label="Subordonné" type="query" hideIfRows="2"><![CDATA[
		SELECT 0, N'Tous les subordonnés'

		UNION ALL

		SELECT id, first_name + ' ' + last_name
		FROM dbo.Users
		WHERE id = {USER_ID}

		UNION ALL

		SELECT id, first_name + ' ' + last_name
		FROM dbo.Users
		WHERE id IN
		(
			SELECT subordinate_id 
			FROM dbo.UsersSubordinates
			WHERE user_id = {USER_ID}
		)]]>
	</param>
    </localized>


 <localized lang="pt">
 <title>Os desembolsos e reembolsos</title>
    <description><![CDATA[Relatório agregado sobre os desembolsos e reembolsos ocorreram dentro de um determinado período.]]></description>
    <param name="beginDate" label="de" type="date"/>
	<param name="endDate" label="Para" type="date"/>
    <param name="disbursed_in" label="desembolsados ​​em" type="query" hideIfRows="2"><![CDATA[SELECT 0, 'All currencies' UNION ALL SELECT id, name FROM dbo.Currencies]]></param>
    <param name="display_in" label="Exibição em" type="query" hideIfRows="1"><![CDATA[SELECT id, name FROM dbo.Currencies]]></param>
	<param name="branch_id" label="braço" type="query" hideIfRows="2"><![CDATA[
			SELECT 0, 'All branches'
			UNION ALL
			SELECT DISTINCT id, name
			FROM dbo.Branches b
			INNER JOIN dbo.UsersBranches ub ON ub.branch_id = b.id
			WHERE ub.user_id = {USER_ID}
	]]></param>
	<param name="subordinate_id" label="subordinar" type="query" hideIfRows="2"><![CDATA[
		SELECT 0, 'All subordinates'

		UNION ALL

		SELECT id, first_name + ' ' + last_name
		FROM dbo.Users
		WHERE id = {USER_ID}

		UNION ALL

		SELECT id, first_name + ' ' + last_name
		FROM dbo.Users
		WHERE id IN
		(
			SELECT subordinate_id 
			FROM dbo.UsersSubordinates
			WHERE user_id = {USER_ID}
		)]]>
	</param>
 </localized>

  	<tags>
		<tag><![CDATA[Loans]]></tag>
	</tags>
	
	<localized lang="ru-RU">
		<tags>
			<tag><![CDATA[Кредиты]]></tag>
		</tags>	
	</localized>
	
	<localized lang="fr">
		<tags>
			<tag><![CDATA[Crédit]]></tag>
		</tags>	
	</localized>

</report>
