﻿<?xml version="1.0" encoding="utf-8"?>
<report order="8">
    <title>Collateral report</title>
    <description><![CDATA[Detailed info about collaterals of active loans.]]></description>
    <param name="endDate" label="As of" type="date"/>
	<param name="disbursed_in" label="Disbursed in" type="query" hideIfRows="2"><![CDATA[SELECT 0, 'ALL' UNION ALL SELECT id, name FROM dbo.Currencies]]></param>
	<param name="display_in" label="Display in" type="query" hideIfRows="1"><![CDATA[SELECT id, name FROM dbo.Currencies]]></param>
	<param name="branch_id" label="Branch" type="query" hideIfRows="2"><![CDATA[
		SELECT 0, 'All branches'
		UNION ALL
		SELECT DISTINCT id, name
		FROM dbo.Branches b
		INNER JOIN dbo.UsersBranches ub ON ub.branch_id = b.id
		WHERE ub.user_id = {USER_ID}		
	]]></param>
		
    <localized lang="ru-RU">
        <title>Текущие кредиты и залоги</title>
        <description><![CDATA[Детальный отчет по текущим кредитам с залоговым обеспечением.]]></description>
        <param name="endDate" label="На" type="date" default="today"/>
		<param name="disbursed_in" label="Выдачи в" type="query" hideIfRows="2"><![CDATA[SELECT 0, N'Все валюты' UNION ALL SELECT id, name FROM dbo.Currencies]]></param>
		<param name="display_in" label="Показывать в" type="query" hideIfRows="1"><![CDATA[SELECT id, name FROM dbo.Currencies]]></param>
        <param name="branch_id" label="Филиал" type="query" hideIfRows="2"><![CDATA[
			SELECT 0, N'Все филиалы'
			UNION ALL
			SELECT DISTINCT id, name
			FROM dbo.Branches b
			INNER JOIN dbo.UsersBranches ub ON ub.branch_id = b.id
			WHERE ub.user_id = {USER_ID}		
		]]></param>
	</localized>
		
    <localized lang="fr">
		<title>Gages des prêts actifs</title>
		<description><![CDATA[Liste des gages couvrant les prêts actifs. Code contrat, client, type de gages, description et caractéristiques des gages.]]></description>
		<param name="endDate" label="A la date du" type="date" default="today"/>
		<param name="disbursed_in" label="Déboursé en" type="query" hideIfRows="2"><![CDATA[SELECT 0, 'ALL' UNION ALL SELECT id, name FROM dbo.Currencies]]></param>
		<param name="display_in" label="Affiché en" type="query" hideIfRows="1"><![CDATA[SELECT id, name FROM dbo.Currencies]]></param>
		<param name="branch_id" label="Branch" type="query" hideIfRows="2"><![CDATA[
			SELECT 0, 'Toutes les branches'
			UNION ALL
			SELECT DISTINCT id, name
			FROM dbo.Branches b
			INNER JOIN dbo.UsersBranches ub ON ub.branch_id = b.id
			WHERE ub.user_id = {USER_ID}		
		]]></param>	
    </localized>


	<localized lang="pt">
		<title>Collateral report</title>
		<description><![CDATA[Collateral report.]]></description>
		<param name="endDate" label="A partir de" type="date"/>
		<param name="display_in" label="Exibição em" type="query" hideIfRows="1"><![CDATA[SELECT id, name FROM dbo.Currencies]]></param>
		<param name="disbursed_in" label="desembolsados ​​em" type="query" hideIfRows="2"><![CDATA[SELECT 0, 'ALL' UNION ALL SELECT id, name FROM dbo.Currencies]]></param>
		<param name="branch_id" label="braço" type="query" hideIfRows="2"><![CDATA[
			SELECT 0, 'All branches'
			UNION ALL
			SELECT DISTINCT id, name
			FROM dbo.Branches b
			INNER JOIN dbo.UsersBranches ub ON ub.branch_id = b.id
			WHERE ub.user_id = {USER_ID}		
		]]></param>
	
	</localized>
	
 	<tags>
		<tag><![CDATA[Loans]]></tag>
	</tags>
	
	<localized lang="ru-RU">
		<tags>
			<tag><![CDATA[Кредиты]]></tag>
		</tags>	
	</localized>
	
	<localized lang="fr">
		<tags>
			<tag><![CDATA[Crédit]]></tag>
		</tags>	
	</localized>

	
</report>
