<?xml version="1.0" encoding="utf-8"?>
<report order="0" attachmentPoint="SavingsCompulsory" visibility="All">
	<guid>087174c8-f168-42c2-b869-02773516c131</guid>
    <title>Saving agreement</title>
    <description><![CDATA[Saving agreement.]]></description>
    <params>
        <param name="saving_id" label="Saving ID" type="int"/>
    </params>


   <localized lang="pt">
   <title>salvando acordo</title>
    <description><![CDATA[salvando acordo.]]></description>
    <params>
        <param name="saving_id" label="salvando o ID" type="int"/>
    </params>
   </localized>

</report>
